"Gekozen functie: delete_last_connection, 7051.571428571429"
Gekozen functie: mutate_trajectories
Gekozen functie: mutate_trajectories
Gekozen functie: mutate_trajectories
"Gekozen functie: delete_last_connection, 7065.571428571429"
Gekozen functie: mutate_trajectories
"Gekozen functie: delete_last_connection, 7079.571428571429"
"Gekozen functie: delete_last_connection, 7089.571428571429"
"Gekozen functie: delete_last_connection, 7104.571428571429"
"Gekozen functie: delete_last_connection, 7128.571428571429"
Gekozen functie: mutate_trajectories
Gekozen functie: mutate_trajectories
"Gekozen functie: delete_last_connection, 7152.571428571429"
Gekozen functie: delete_last_connection
Gekozen functie: delete_last_connection
Gekozen functie: delete_last_connection
Gekozen functie: mutate_trajectories
Gekozen functie: mutate_trajectories
Gekozen functie: mutate_trajectories
Gekozen functie: delete_last_connection
"Gekozen functie: delete_last_connection, 7192.571428571429"
Gekozen functie: delete_last_connection
"Gekozen functie: delete_last_connection, 7216.571428571429"
Gekozen functie: delete_last_connection
Gekozen functie: delete_last_connection
"Gekozen functie: delete_last_connection, 7227.571428571429"
"Gekozen functie: delete_last_connection, 7236.571428571429"
Gekozen functie: mutate_trajectories
Gekozen functie: mutate_trajectories
Gekozen functie: delete_last_connection
Gekozen functie: delete_last_connection
Gekozen functie: delete_last_connection
Gekozen functie: mutate_trajectories
Gekozen functie: mutate_trajectories
"Gekozen functie: delete_last_connection, 7253.571428571429"
Gekozen functie: mutate_trajectories
Gekozen functie: mutate_trajectories
Gekozen functie: mutate_trajectories
Gekozen functie: delete_last_connection
Gekozen functie: mutate_trajectories
Gekozen functie: mutate_trajectories
Gekozen functie: mutate_trajectories
Gekozen functie: mutate_trajectories
"Gekozen functie: delete_last_connection, 7288.571428571429"
Gekozen functie: delete_last_connection
Gekozen functie: delete_last_connection
Gekozen functie: mutate_trajectories
Gekozen functie: delete_last_connection
Gekozen functie: delete_last_connection
Gekozen functie: mutate_trajectories
Gekozen functie: mutate_trajectories
Gekozen functie: mutate_trajectories
Gekozen functie: mutate_trajectories
Gekozen functie: mutate_trajectories
Gekozen functie: mutate_trajectories
Gekozen functie: mutate_trajectories
Gekozen functie: mutate_trajectories
Gekozen functie: mutate_trajectories
Gekozen functie: delete_last_connection
Gekozen functie: mutate_trajectories
Gekozen functie: delete_last_connection
Gekozen functie: delete_last_connection
Gekozen functie: delete_last_connection
Gekozen functie: mutate_trajectories
Gekozen functie: delete_last_connection
Gekozen functie: delete_last_connection
Gekozen functie: mutate_trajectories
Gekozen functie: delete_last_connection
"Gekozen functie: delete_last_connection, 7351.571428571429"
Gekozen functie: delete_last_connection
Gekozen functie: delete_last_connection
Gekozen functie: mutate_trajectories
Gekozen functie: delete_last_connection
Gekozen functie: mutate_trajectories
Gekozen functie: mutate_trajectories
Gekozen functie: delete_last_connection
Gekozen functie: mutate_trajectories
Gekozen functie: delete_last_connection
Gekozen functie: delete_last_connection
Gekozen functie: mutate_trajectories
Gekozen functie: delete_last_connection
Gekozen functie: mutate_trajectories
Gekozen functie: delete_last_connection
Gekozen functie: mutate_trajectories
Gekozen functie: mutate_trajectories
Gekozen functie: delete_last_connection
Gekozen functie: delete_last_connection
Gekozen functie: mutate_trajectories
Gekozen functie: delete_last_connection
Gekozen functie: delete_last_connection
Gekozen functie: mutate_trajectories
Gekozen functie: delete_last_connection
Gekozen functie: mutate_trajectories
Gekozen functie: delete_last_connection
Gekozen functie: mutate_trajectories
Gekozen functie: delete_last_connection
Gekozen functie: mutate_trajectories
Gekozen functie: mutate_trajectories
Gekozen functie: mutate_trajectories
Gekozen functie: mutate_trajectories
Gekozen functie: delete_last_connection
Gekozen functie: mutate_trajectories
Gekozen functie: mutate_trajectories
Gekozen functie: mutate_trajectories
Gekozen functie: delete_last_connection
Gekozen functie: delete_last_connection
Gekozen functie: delete_last_connection
Gekozen functie: delete_last_connection
Gekozen functie: mutate_trajectories
Gekozen functie: mutate_trajectories
Gekozen functie: mutate_trajectories
Gekozen functie: delete_last_connection
Gekozen functie: delete_last_connection
Gekozen functie: delete_last_connection
Gekozen functie: mutate_trajectories
Gekozen functie: delete_last_connection
Gekozen functie: delete_last_connection
Gekozen functie: mutate_trajectories
Gekozen functie: delete_last_connection
Gekozen functie: mutate_trajectories
Gekozen functie: delete_last_connection
Gekozen functie: mutate_trajectories
Gekozen functie: delete_last_connection
Gekozen functie: mutate_trajectories
Gekozen functie: mutate_trajectories
Gekozen functie: mutate_trajectories
Gekozen functie: delete_last_connection
Gekozen functie: delete_last_connection
Gekozen functie: mutate_trajectories
Gekozen functie: mutate_trajectories
Gekozen functie: mutate_trajectories
Gekozen functie: mutate_trajectories
Gekozen functie: delete_last_connection
Gekozen functie: delete_last_connection
Gekozen functie: mutate_trajectories
Gekozen functie: mutate_trajectories
Gekozen functie: delete_last_connection
Gekozen functie: mutate_trajectories
Gekozen functie: delete_last_connection
Gekozen functie: mutate_trajectories
Gekozen functie: mutate_trajectories
Gekozen functie: delete_last_connection
Gekozen functie: mutate_trajectories
Gekozen functie: delete_last_connection
Gekozen functie: delete_last_connection
Gekozen functie: delete_last_connection
Gekozen functie: mutate_trajectories
Gekozen functie: delete_last_connection
Gekozen functie: mutate_trajectories
Gekozen functie: delete_last_connection
Gekozen functie: delete_last_connection
Gekozen functie: delete_last_connection
Gekozen functie: delete_last_connection
Gekozen functie: mutate_trajectories
Gekozen functie: delete_last_connection
Gekozen functie: mutate_trajectories
Gekozen functie: mutate_trajectories
Gekozen functie: mutate_trajectories
Gekozen functie: delete_last_connection
Gekozen functie: delete_last_connection
Gekozen functie: mutate_trajectories
Gekozen functie: mutate_trajectories
Gekozen functie: mutate_trajectories
Gekozen functie: delete_last_connection
Gekozen functie: mutate_trajectories
Gekozen functie: delete_last_connection
Gekozen functie: delete_last_connection
Gekozen functie: delete_last_connection
Gekozen functie: mutate_trajectories
Gekozen functie: delete_last_connection
Gekozen functie: delete_last_connection
Gekozen functie: mutate_trajectories
Gekozen functie: delete_last_connection
Gekozen functie: delete_last_connection
Gekozen functie: delete_last_connection
Gekozen functie: mutate_trajectories
Gekozen functie: mutate_trajectories
Gekozen functie: mutate_trajectories
Gekozen functie: mutate_trajectories
Gekozen functie: delete_last_connection
Gekozen functie: mutate_trajectories
Gekozen functie: delete_last_connection
Gekozen functie: delete_last_connection
Gekozen functie: mutate_trajectories
Gekozen functie: delete_last_connection
Gekozen functie: delete_last_connection
Gekozen functie: delete_last_connection
Gekozen functie: delete_last_connection
Gekozen functie: mutate_trajectories
Gekozen functie: delete_last_connection
Gekozen functie: delete_last_connection
Gekozen functie: delete_last_connection
Gekozen functie: mutate_trajectories
Gekozen functie: delete_last_connection
Gekozen functie: mutate_trajectories
Gekozen functie: mutate_trajectories
Gekozen functie: mutate_trajectories
Gekozen functie: mutate_trajectories
Gekozen functie: delete_last_connection
Gekozen functie: mutate_trajectories
Gekozen functie: mutate_trajectories
Gekozen functie: delete_last_connection
Gekozen functie: delete_last_connection
Gekozen functie: mutate_trajectories
Gekozen functie: delete_last_connection
Gekozen functie: mutate_trajectories
Gekozen functie: delete_last_connection
Gekozen functie: delete_last_connection
Gekozen functie: mutate_trajectories
Gekozen functie: delete_last_connection
Gekozen functie: delete_last_connection
Gekozen functie: delete_last_connection
Gekozen functie: mutate_trajectories
Gekozen functie: delete_last_connection
Gekozen functie: mutate_trajectories
Gekozen functie: delete_last_connection
Gekozen functie: delete_last_connection
Gekozen functie: mutate_trajectories
Gekozen functie: mutate_trajectories
Gekozen functie: mutate_trajectories
Gekozen functie: delete_last_connection
Gekozen functie: mutate_trajectories
Gekozen functie: delete_last_connection
Gekozen functie: delete_last_connection
Gekozen functie: delete_last_connection
Gekozen functie: mutate_trajectories
Gekozen functie: delete_last_connection
Gekozen functie: delete_last_connection
Gekozen functie: mutate_trajectories
Gekozen functie: delete_last_connection
Gekozen functie: delete_last_connection
Gekozen functie: delete_last_connection
Gekozen functie: mutate_trajectories
Gekozen functie: mutate_trajectories
Gekozen functie: delete_last_connection
Gekozen functie: delete_last_connection
Gekozen functie: mutate_trajectories
Gekozen functie: mutate_trajectories
Gekozen functie: delete_last_connection
Gekozen functie: mutate_trajectories
Gekozen functie: delete_last_connection
Gekozen functie: delete_last_connection
Gekozen functie: delete_last_connection
Gekozen functie: delete_last_connection
Gekozen functie: delete_last_connection
Gekozen functie: mutate_trajectories
Gekozen functie: mutate_trajectories
Gekozen functie: mutate_trajectories
Gekozen functie: mutate_trajectories
Gekozen functie: delete_last_connection
Gekozen functie: mutate_trajectories
Gekozen functie: delete_last_connection
Gekozen functie: delete_last_connection
Gekozen functie: delete_last_connection
Gekozen functie: mutate_trajectories
Gekozen functie: mutate_trajectories
Gekozen functie: delete_last_connection
Gekozen functie: delete_last_connection
Gekozen functie: mutate_trajectories
Gekozen functie: delete_last_connection
Gekozen functie: mutate_trajectories
Gekozen functie: delete_last_connection
Gekozen functie: delete_last_connection
Gekozen functie: mutate_trajectories
Gekozen functie: delete_last_connection
Gekozen functie: mutate_trajectories
Gekozen functie: delete_last_connection
Gekozen functie: delete_last_connection
Gekozen functie: delete_last_connection
Gekozen functie: mutate_trajectories
Gekozen functie: delete_last_connection
Gekozen functie: delete_last_connection
Gekozen functie: mutate_trajectories
Gekozen functie: mutate_trajectories
Gekozen functie: mutate_trajectories
Gekozen functie: mutate_trajectories
Gekozen functie: delete_last_connection
Gekozen functie: mutate_trajectories
Gekozen functie: mutate_trajectories
Gekozen functie: delete_last_connection
Gekozen functie: mutate_trajectories
Gekozen functie: delete_last_connection
Gekozen functie: mutate_trajectories
Gekozen functie: mutate_trajectories
Gekozen functie: delete_last_connection
Gekozen functie: mutate_trajectories
Gekozen functie: delete_last_connection
Gekozen functie: mutate_trajectories
Gekozen functie: mutate_trajectories
Gekozen functie: delete_last_connection
Gekozen functie: delete_last_connection
Gekozen functie: mutate_trajectories
Gekozen functie: mutate_trajectories
Gekozen functie: mutate_trajectories
Gekozen functie: mutate_trajectories
Gekozen functie: delete_last_connection
Gekozen functie: mutate_trajectories
Gekozen functie: mutate_trajectories
Gekozen functie: delete_last_connection
Gekozen functie: mutate_trajectories
Gekozen functie: mutate_trajectories
Gekozen functie: mutate_trajectories
Gekozen functie: mutate_trajectories
Gekozen functie: delete_last_connection
Gekozen functie: mutate_trajectories
Gekozen functie: delete_last_connection
Gekozen functie: mutate_trajectories
Gekozen functie: delete_last_connection
Gekozen functie: delete_last_connection
Gekozen functie: delete_last_connection
Gekozen functie: mutate_trajectories
Gekozen functie: mutate_trajectories
Gekozen functie: delete_last_connection
Gekozen functie: mutate_trajectories
Gekozen functie: mutate_trajectories
Gekozen functie: mutate_trajectories
Gekozen functie: mutate_trajectories
Gekozen functie: delete_last_connection
Gekozen functie: delete_last_connection
Gekozen functie: mutate_trajectories
Gekozen functie: delete_last_connection
Gekozen functie: mutate_trajectories
Gekozen functie: mutate_trajectories
Gekozen functie: mutate_trajectories
Gekozen functie: delete_last_connection
Gekozen functie: delete_last_connection
Gekozen functie: delete_last_connection
Gekozen functie: delete_last_connection
Gekozen functie: mutate_trajectories
Gekozen functie: mutate_trajectories
Gekozen functie: mutate_trajectories
Gekozen functie: mutate_trajectories
Gekozen functie: mutate_trajectories
Gekozen functie: delete_last_connection
Gekozen functie: mutate_trajectories
Gekozen functie: delete_last_connection
Gekozen functie: mutate_trajectories
Gekozen functie: mutate_trajectories
Gekozen functie: delete_last_connection
Gekozen functie: delete_last_connection
Gekozen functie: delete_last_connection
Gekozen functie: mutate_trajectories
Gekozen functie: mutate_trajectories
Gekozen functie: mutate_trajectories
Gekozen functie: delete_last_connection
Gekozen functie: delete_last_connection
Gekozen functie: mutate_trajectories
Gekozen functie: delete_last_connection
Gekozen functie: mutate_trajectories
Gekozen functie: mutate_trajectories
Gekozen functie: mutate_trajectories
Gekozen functie: mutate_trajectories
Gekozen functie: mutate_trajectories
Gekozen functie: delete_last_connection
Gekozen functie: mutate_trajectories
Gekozen functie: delete_last_connection
Gekozen functie: mutate_trajectories
Gekozen functie: mutate_trajectories
Gekozen functie: mutate_trajectories
Gekozen functie: mutate_trajectories
Gekozen functie: delete_last_connection
Gekozen functie: delete_last_connection
Gekozen functie: delete_last_connection
Gekozen functie: delete_last_connection
Gekozen functie: mutate_trajectories
Gekozen functie: delete_last_connection
Gekozen functie: delete_last_connection
Gekozen functie: delete_last_connection
Gekozen functie: mutate_trajectories
Gekozen functie: mutate_trajectories
Gekozen functie: delete_last_connection
Gekozen functie: delete_last_connection
Gekozen functie: mutate_trajectories
Gekozen functie: mutate_trajectories
Gekozen functie: mutate_trajectories
Gekozen functie: mutate_trajectories
Gekozen functie: mutate_trajectories
Gekozen functie: delete_last_connection
Gekozen functie: mutate_trajectories
Gekozen functie: mutate_trajectories
Gekozen functie: delete_last_connection
Gekozen functie: delete_last_connection
Gekozen functie: delete_last_connection
Gekozen functie: mutate_trajectories
Gekozen functie: mutate_trajectories
Gekozen functie: mutate_trajectories
Gekozen functie: delete_last_connection
Gekozen functie: mutate_trajectories
Gekozen functie: delete_last_connection
Gekozen functie: delete_last_connection
Gekozen functie: mutate_trajectories
Gekozen functie: mutate_trajectories
Gekozen functie: mutate_trajectories
Gekozen functie: mutate_trajectories
Gekozen functie: delete_last_connection
Gekozen functie: delete_last_connection
Gekozen functie: delete_last_connection
Gekozen functie: mutate_trajectories
Gekozen functie: mutate_trajectories
Gekozen functie: mutate_trajectories
