"Gekozen functie: change_start_station, 2307.4494382022467"
"Gekozen functie: mutate_trajectories, 2458.089887640449"
"Gekozen functie: mutate_trajectories, 2505.3707865168544"
"Gekozen functie: change_start_station, 2532.3707865168544"
Gekozen functie: mutate_trajectories
Gekozen functie: change_start_station
"Gekozen functie: change_start_station, 2556.3707865168544"
"Gekozen functie: mutate_trajectories, 2595.651685393258"
"Gekozen functie: change_start_station, 2623.651685393258"
Gekozen functie: mutate_trajectories
"Gekozen functie: mutate_trajectories, 2897.651685393258"
Gekozen functie: mutate_trajectories
"Gekozen functie: mutate_trajectories, 3177.651685393258"
"Gekozen functie: change_start_station, 3187.651685393258"
Gekozen functie: mutate_trajectories
"Gekozen functie: change_start_station, 3198.651685393258"
"Gekozen functie: change_start_station, 3234.651685393258"
Gekozen functie: change_start_station
"Gekozen functie: mutate_trajectories, 3261.9325842696626"
"Gekozen functie: mutate_trajectories, 3429.573033707865"
Gekozen functie: mutate_trajectories
Gekozen functie: mutate_trajectories
Gekozen functie: mutate_trajectories
"Gekozen functie: mutate_trajectories, 3430.8539325842703"
"Gekozen functie: change_start_station, 3454.8539325842703"
"Gekozen functie: change_start_station, 3481.8539325842703"
"Gekozen functie: mutate_trajectories, 3512.134831460674"
"Gekozen functie: change_start_station, 3534.134831460674"
Gekozen functie: mutate_trajectories
Gekozen functie: mutate_trajectories
Gekozen functie: change_start_station
Gekozen functie: mutate_trajectories
"Gekozen functie: change_start_station, 3552.134831460674"
Gekozen functie: change_start_station
"Gekozen functie: change_start_station, 3567.134831460674"
"Gekozen functie: change_start_station, 3582.134831460674"
Gekozen functie: change_start_station
Gekozen functie: mutate_trajectories
Gekozen functie: change_start_station
Gekozen functie: mutate_trajectories
Gekozen functie: mutate_trajectories
Gekozen functie: mutate_trajectories
Gekozen functie: change_start_station
Gekozen functie: change_start_station
Gekozen functie: mutate_trajectories
Gekozen functie: change_start_station
Gekozen functie: mutate_trajectories
"Gekozen functie: change_start_station, 3598.134831460674"
"Gekozen functie: change_start_station, 3613.134831460674"
Gekozen functie: change_start_station
"Gekozen functie: change_start_station, 3648.134831460674"
Gekozen functie: mutate_trajectories
Gekozen functie: mutate_trajectories
Gekozen functie: mutate_trajectories
"Gekozen functie: change_start_station, 3660.134831460674"
Gekozen functie: mutate_trajectories
Gekozen functie: mutate_trajectories
"Gekozen functie: mutate_trajectories, 3730.775280898876"
Gekozen functie: mutate_trajectories
Gekozen functie: change_start_station
Gekozen functie: mutate_trajectories
"Gekozen functie: change_start_station, 3751.775280898876"
Gekozen functie: change_start_station
Gekozen functie: mutate_trajectories
Gekozen functie: change_start_station
Gekozen functie: mutate_trajectories
Gekozen functie: mutate_trajectories
Gekozen functie: mutate_trajectories
Gekozen functie: mutate_trajectories
"Gekozen functie: change_start_station, 3757.775280898876"
Gekozen functie: mutate_trajectories
Gekozen functie: change_start_station
Gekozen functie: change_start_station
"Gekozen functie: change_start_station, 3772.775280898876"
Gekozen functie: mutate_trajectories
Gekozen functie: change_start_station
Gekozen functie: change_start_station
Gekozen functie: mutate_trajectories
"Gekozen functie: change_start_station, 3784.775280898876"
Gekozen functie: mutate_trajectories
Gekozen functie: mutate_trajectories
Gekozen functie: mutate_trajectories
Gekozen functie: mutate_trajectories
Gekozen functie: mutate_trajectories
"Gekozen functie: change_start_station, 3794.775280898876"
"Gekozen functie: change_start_station, 3836.775280898876"
Gekozen functie: change_start_station
Gekozen functie: mutate_trajectories
Gekozen functie: mutate_trajectories
Gekozen functie: mutate_trajectories
Gekozen functie: mutate_trajectories
Gekozen functie: mutate_trajectories
"Gekozen functie: change_start_station, 3846.775280898876"
Gekozen functie: change_start_station
Gekozen functie: mutate_trajectories
"Gekozen functie: change_start_station, 3858.775280898876"
Gekozen functie: mutate_trajectories
"Gekozen functie: change_start_station, 3868.775280898876"
Gekozen functie: change_start_station
Gekozen functie: change_start_station
"Gekozen functie: change_start_station, 3875.775280898876"
"Gekozen functie: change_start_station, 3896.775280898876"
Gekozen functie: mutate_trajectories
Gekozen functie: change_start_station
Gekozen functie: mutate_trajectories
Gekozen functie: mutate_trajectories
Gekozen functie: change_start_station
Gekozen functie: change_start_station
Gekozen functie: mutate_trajectories
"Gekozen functie: change_start_station, 3904.775280898876"
Gekozen functie: mutate_trajectories
Gekozen functie: mutate_trajectories
Gekozen functie: mutate_trajectories
Gekozen functie: mutate_trajectories
Gekozen functie: change_start_station
Gekozen functie: change_start_station
Gekozen functie: mutate_trajectories
"Gekozen functie: change_start_station, 3932.775280898876"
Gekozen functie: change_start_station
Gekozen functie: mutate_trajectories
Gekozen functie: mutate_trajectories
Gekozen functie: change_start_station
Gekozen functie: mutate_trajectories
Gekozen functie: change_start_station
Gekozen functie: change_start_station
Gekozen functie: change_start_station
Gekozen functie: change_start_station
Gekozen functie: mutate_trajectories
Gekozen functie: mutate_trajectories
Gekozen functie: mutate_trajectories
Gekozen functie: change_start_station
Gekozen functie: change_start_station
Gekozen functie: mutate_trajectories
Gekozen functie: mutate_trajectories
Gekozen functie: mutate_trajectories
Gekozen functie: mutate_trajectories
Gekozen functie: mutate_trajectories
Gekozen functie: mutate_trajectories
Gekozen functie: change_start_station
Gekozen functie: change_start_station
Gekozen functie: change_start_station
Gekozen functie: mutate_trajectories
Gekozen functie: mutate_trajectories
Gekozen functie: mutate_trajectories
Gekozen functie: change_start_station
Gekozen functie: mutate_trajectories
Gekozen functie: change_start_station
Gekozen functie: mutate_trajectories
Gekozen functie: mutate_trajectories
Gekozen functie: mutate_trajectories
Gekozen functie: mutate_trajectories
Gekozen functie: mutate_trajectories
Gekozen functie: mutate_trajectories
Gekozen functie: change_start_station
Gekozen functie: change_start_station
Gekozen functie: mutate_trajectories
Gekozen functie: mutate_trajectories
Gekozen functie: change_start_station
Gekozen functie: change_start_station
Gekozen functie: mutate_trajectories
Gekozen functie: mutate_trajectories
Gekozen functie: change_start_station
Gekozen functie: mutate_trajectories
Gekozen functie: change_start_station
Gekozen functie: change_start_station
Gekozen functie: mutate_trajectories
Gekozen functie: mutate_trajectories
Gekozen functie: mutate_trajectories
Gekozen functie: change_start_station
Gekozen functie: change_start_station
Gekozen functie: mutate_trajectories
Gekozen functie: mutate_trajectories
Gekozen functie: mutate_trajectories
Gekozen functie: mutate_trajectories
Gekozen functie: change_start_station
Gekozen functie: mutate_trajectories
Gekozen functie: mutate_trajectories
Gekozen functie: mutate_trajectories
Gekozen functie: mutate_trajectories
Gekozen functie: change_start_station
Gekozen functie: change_start_station
Gekozen functie: change_start_station
Gekozen functie: change_start_station
Gekozen functie: mutate_trajectories
Gekozen functie: mutate_trajectories
Gekozen functie: mutate_trajectories
Gekozen functie: mutate_trajectories
Gekozen functie: mutate_trajectories
Gekozen functie: mutate_trajectories
Gekozen functie: change_start_station
Gekozen functie: change_start_station
Gekozen functie: mutate_trajectories
Gekozen functie: mutate_trajectories
Gekozen functie: change_start_station
Gekozen functie: mutate_trajectories
Gekozen functie: change_start_station
Gekozen functie: mutate_trajectories
Gekozen functie: mutate_trajectories
Gekozen functie: mutate_trajectories
Gekozen functie: mutate_trajectories
Gekozen functie: mutate_trajectories
Gekozen functie: mutate_trajectories
Gekozen functie: change_start_station
Gekozen functie: change_start_station
Gekozen functie: change_start_station
Gekozen functie: mutate_trajectories
Gekozen functie: change_start_station
Gekozen functie: mutate_trajectories
Gekozen functie: change_start_station
Gekozen functie: mutate_trajectories
Gekozen functie: change_start_station
Gekozen functie: mutate_trajectories
Gekozen functie: change_start_station
Gekozen functie: mutate_trajectories
Gekozen functie: mutate_trajectories
Gekozen functie: change_start_station
Gekozen functie: mutate_trajectories
Gekozen functie: change_start_station
Gekozen functie: mutate_trajectories
Gekozen functie: change_start_station
Gekozen functie: change_start_station
Gekozen functie: mutate_trajectories
Gekozen functie: change_start_station
Gekozen functie: change_start_station
Gekozen functie: mutate_trajectories
Gekozen functie: mutate_trajectories
Gekozen functie: change_start_station
Gekozen functie: mutate_trajectories
Gekozen functie: mutate_trajectories
Gekozen functie: mutate_trajectories
Gekozen functie: mutate_trajectories
Gekozen functie: mutate_trajectories
Gekozen functie: mutate_trajectories
Gekozen functie: change_start_station
Gekozen functie: mutate_trajectories
Gekozen functie: change_start_station
Gekozen functie: change_start_station
Gekozen functie: change_start_station
Gekozen functie: change_start_station
Gekozen functie: mutate_trajectories
Gekozen functie: change_start_station
Gekozen functie: mutate_trajectories
Gekozen functie: change_start_station
Gekozen functie: change_start_station
Gekozen functie: change_start_station
Gekozen functie: change_start_station
Gekozen functie: mutate_trajectories
Gekozen functie: change_start_station
Gekozen functie: mutate_trajectories
Gekozen functie: mutate_trajectories
Gekozen functie: mutate_trajectories
Gekozen functie: mutate_trajectories
Gekozen functie: change_start_station
Gekozen functie: mutate_trajectories
Gekozen functie: change_start_station
Gekozen functie: mutate_trajectories
Gekozen functie: change_start_station
Gekozen functie: mutate_trajectories
Gekozen functie: change_start_station
Gekozen functie: change_start_station
Gekozen functie: mutate_trajectories
Gekozen functie: mutate_trajectories
Gekozen functie: mutate_trajectories
Gekozen functie: change_start_station
Gekozen functie: mutate_trajectories
Gekozen functie: change_start_station
Gekozen functie: change_start_station
Gekozen functie: mutate_trajectories
Gekozen functie: mutate_trajectories
Gekozen functie: mutate_trajectories
Gekozen functie: mutate_trajectories
Gekozen functie: change_start_station
Gekozen functie: change_start_station
Gekozen functie: mutate_trajectories
Gekozen functie: change_start_station
Gekozen functie: mutate_trajectories
Gekozen functie: mutate_trajectories
Gekozen functie: mutate_trajectories
Gekozen functie: change_start_station
Gekozen functie: mutate_trajectories
Gekozen functie: mutate_trajectories
Gekozen functie: change_start_station
Gekozen functie: mutate_trajectories
Gekozen functie: mutate_trajectories
Gekozen functie: mutate_trajectories
Gekozen functie: mutate_trajectories
Gekozen functie: change_start_station
Gekozen functie: mutate_trajectories
Gekozen functie: mutate_trajectories
Gekozen functie: mutate_trajectories
Gekozen functie: mutate_trajectories
Gekozen functie: change_start_station
Gekozen functie: change_start_station
Gekozen functie: mutate_trajectories
Gekozen functie: change_start_station
Gekozen functie: change_start_station
Gekozen functie: change_start_station
Gekozen functie: change_start_station
Gekozen functie: mutate_trajectories
Gekozen functie: mutate_trajectories
Gekozen functie: mutate_trajectories
Gekozen functie: change_start_station
Gekozen functie: change_start_station
Gekozen functie: mutate_trajectories
Gekozen functie: mutate_trajectories
Gekozen functie: change_start_station
Gekozen functie: mutate_trajectories
Gekozen functie: change_start_station
Gekozen functie: mutate_trajectories
Gekozen functie: change_start_station
Gekozen functie: mutate_trajectories
Gekozen functie: mutate_trajectories
Gekozen functie: mutate_trajectories
Gekozen functie: mutate_trajectories
Gekozen functie: change_start_station
Gekozen functie: change_start_station
Gekozen functie: change_start_station
Gekozen functie: change_start_station
Gekozen functie: change_start_station
Gekozen functie: change_start_station
Gekozen functie: change_start_station
Gekozen functie: mutate_trajectories
Gekozen functie: change_start_station
Gekozen functie: change_start_station
Gekozen functie: change_start_station
Gekozen functie: mutate_trajectories
Gekozen functie: mutate_trajectories
Gekozen functie: change_start_station
Gekozen functie: mutate_trajectories
Gekozen functie: mutate_trajectories
Gekozen functie: mutate_trajectories
Gekozen functie: change_start_station
Gekozen functie: change_start_station
Gekozen functie: mutate_trajectories
Gekozen functie: mutate_trajectories
Gekozen functie: change_start_station
Gekozen functie: change_start_station
Gekozen functie: change_start_station
Gekozen functie: change_start_station
Gekozen functie: mutate_trajectories
Gekozen functie: mutate_trajectories
Gekozen functie: mutate_trajectories
Gekozen functie: mutate_trajectories
Gekozen functie: mutate_trajectories
Gekozen functie: mutate_trajectories
Gekozen functie: mutate_trajectories
Gekozen functie: mutate_trajectories
Gekozen functie: change_start_station
Gekozen functie: change_start_station
Gekozen functie: mutate_trajectories
Gekozen functie: change_start_station
Gekozen functie: change_start_station
Gekozen functie: mutate_trajectories
Gekozen functie: change_start_station
Gekozen functie: mutate_trajectories
Gekozen functie: mutate_trajectories
Gekozen functie: change_start_station
Gekozen functie: mutate_trajectories
Gekozen functie: change_start_station
Gekozen functie: mutate_trajectories
Gekozen functie: mutate_trajectories
Gekozen functie: mutate_trajectories
Gekozen functie: mutate_trajectories
Gekozen functie: mutate_trajectories
Gekozen functie: mutate_trajectories
Gekozen functie: change_start_station
Gekozen functie: change_start_station
Gekozen functie: change_start_station
Gekozen functie: change_start_station
Gekozen functie: mutate_trajectories
Gekozen functie: change_start_station
Gekozen functie: change_start_station
Gekozen functie: change_start_station
Gekozen functie: change_start_station
Gekozen functie: mutate_trajectories
Gekozen functie: mutate_trajectories
Gekozen functie: mutate_trajectories
Gekozen functie: mutate_trajectories
Gekozen functie: mutate_trajectories
Gekozen functie: change_start_station
Gekozen functie: mutate_trajectories
Gekozen functie: mutate_trajectories
Gekozen functie: change_start_station
Gekozen functie: mutate_trajectories
Gekozen functie: mutate_trajectories
Gekozen functie: change_start_station
Gekozen functie: mutate_trajectories
Gekozen functie: mutate_trajectories
Gekozen functie: mutate_trajectories
Gekozen functie: mutate_trajectories
Gekozen functie: change_start_station
Gekozen functie: change_start_station
Gekozen functie: mutate_trajectories
Gekozen functie: change_start_station
Gekozen functie: change_start_station
Gekozen functie: mutate_trajectories
Gekozen functie: mutate_trajectories
Gekozen functie: mutate_trajectories
Gekozen functie: mutate_trajectories
Gekozen functie: mutate_trajectories
Gekozen functie: change_start_station
Gekozen functie: change_start_station
Gekozen functie: mutate_trajectories
Gekozen functie: change_start_station
Gekozen functie: change_start_station
Gekozen functie: change_start_station
Gekozen functie: mutate_trajectories
Gekozen functie: mutate_trajectories
Gekozen functie: change_start_station
Gekozen functie: change_start_station
Gekozen functie: mutate_trajectories
Gekozen functie: mutate_trajectories
Gekozen functie: mutate_trajectories
Gekozen functie: mutate_trajectories
Gekozen functie: mutate_trajectories
Gekozen functie: mutate_trajectories
Gekozen functie: mutate_trajectories
Gekozen functie: change_start_station
Gekozen functie: change_start_station
Gekozen functie: change_start_station
Gekozen functie: mutate_trajectories
Gekozen functie: change_start_station
Gekozen functie: change_start_station
Gekozen functie: change_start_station
Gekozen functie: mutate_trajectories
Gekozen functie: mutate_trajectories
Gekozen functie: mutate_trajectories
Gekozen functie: change_start_station
Gekozen functie: mutate_trajectories
Gekozen functie: mutate_trajectories
Gekozen functie: change_start_station
Gekozen functie: change_start_station
Gekozen functie: mutate_trajectories
Gekozen functie: change_start_station
Gekozen functie: mutate_trajectories
Gekozen functie: mutate_trajectories
Gekozen functie: mutate_trajectories
Gekozen functie: change_start_station
Gekozen functie: change_start_station
Gekozen functie: mutate_trajectories
Gekozen functie: mutate_trajectories
Gekozen functie: mutate_trajectories
Gekozen functie: mutate_trajectories
Gekozen functie: mutate_trajectories
Gekozen functie: mutate_trajectories
Gekozen functie: change_start_station
Gekozen functie: change_start_station
Gekozen functie: mutate_trajectories
Gekozen functie: mutate_trajectories
Gekozen functie: change_start_station
Gekozen functie: change_start_station
Gekozen functie: mutate_trajectories
Gekozen functie: mutate_trajectories
Gekozen functie: mutate_trajectories
Gekozen functie: change_start_station
Gekozen functie: change_start_station
Gekozen functie: mutate_trajectories
Gekozen functie: change_start_station
Gekozen functie: mutate_trajectories
Gekozen functie: change_start_station
Gekozen functie: change_start_station
Gekozen functie: change_start_station
Gekozen functie: change_start_station
Gekozen functie: change_start_station
Gekozen functie: mutate_trajectories
Gekozen functie: change_start_station
Gekozen functie: mutate_trajectories
Gekozen functie: mutate_trajectories
Gekozen functie: change_start_station
Gekozen functie: mutate_trajectories
Gekozen functie: mutate_trajectories
Gekozen functie: change_start_station
Gekozen functie: change_start_station
Gekozen functie: change_start_station
Gekozen functie: change_start_station
Gekozen functie: mutate_trajectories
Gekozen functie: change_start_station
Gekozen functie: change_start_station
Gekozen functie: change_start_station
Gekozen functie: mutate_trajectories
Gekozen functie: change_start_station
Gekozen functie: mutate_trajectories
Gekozen functie: change_start_station
Gekozen functie: change_start_station
Gekozen functie: mutate_trajectories
Gekozen functie: change_start_station
Gekozen functie: mutate_trajectories
Gekozen functie: change_start_station
Gekozen functie: change_start_station
Gekozen functie: mutate_trajectories
Gekozen functie: mutate_trajectories
Gekozen functie: mutate_trajectories
Gekozen functie: mutate_trajectories
Gekozen functie: mutate_trajectories
Gekozen functie: mutate_trajectories
Gekozen functie: mutate_trajectories
Gekozen functie: change_start_station
Gekozen functie: change_start_station
Gekozen functie: change_start_station
Gekozen functie: change_start_station
Gekozen functie: mutate_trajectories
Gekozen functie: change_start_station
Gekozen functie: mutate_trajectories
Gekozen functie: change_start_station
Gekozen functie: mutate_trajectories
Gekozen functie: change_start_station
Gekozen functie: mutate_trajectories
Gekozen functie: mutate_trajectories
Gekozen functie: change_start_station
Gekozen functie: mutate_trajectories
Gekozen functie: change_start_station
Gekozen functie: mutate_trajectories
Gekozen functie: mutate_trajectories
Gekozen functie: mutate_trajectories
Gekozen functie: mutate_trajectories
Gekozen functie: mutate_trajectories
Gekozen functie: change_start_station
Gekozen functie: change_start_station
Gekozen functie: mutate_trajectories
Gekozen functie: change_start_station
Gekozen functie: change_start_station
Gekozen functie: change_start_station
Gekozen functie: mutate_trajectories
Gekozen functie: mutate_trajectories
Gekozen functie: mutate_trajectories
Gekozen functie: change_start_station
Gekozen functie: change_start_station
Gekozen functie: mutate_trajectories
Gekozen functie: mutate_trajectories
Gekozen functie: change_start_station
Gekozen functie: change_start_station
Gekozen functie: change_start_station
Gekozen functie: change_start_station
Gekozen functie: change_start_station
Gekozen functie: mutate_trajectories
Gekozen functie: change_start_station
Gekozen functie: mutate_trajectories
Gekozen functie: mutate_trajectories
Gekozen functie: mutate_trajectories
Gekozen functie: change_start_station
Gekozen functie: mutate_trajectories
Gekozen functie: change_start_station
Gekozen functie: change_start_station
Gekozen functie: mutate_trajectories
Gekozen functie: change_start_station
Gekozen functie: change_start_station
Gekozen functie: mutate_trajectories
Gekozen functie: change_start_station
Gekozen functie: mutate_trajectories
Gekozen functie: mutate_trajectories
Gekozen functie: change_start_station
Gekozen functie: mutate_trajectories
Gekozen functie: change_start_station
Gekozen functie: change_start_station
Gekozen functie: change_start_station
Gekozen functie: mutate_trajectories
Gekozen functie: mutate_trajectories
Gekozen functie: mutate_trajectories
Gekozen functie: change_start_station
Gekozen functie: change_start_station
Gekozen functie: mutate_trajectories
Gekozen functie: change_start_station
Gekozen functie: mutate_trajectories
Gekozen functie: change_start_station
Gekozen functie: change_start_station
Gekozen functie: change_start_station
Gekozen functie: change_start_station
Gekozen functie: change_start_station
Gekozen functie: change_start_station
Gekozen functie: mutate_trajectories
Gekozen functie: mutate_trajectories
Gekozen functie: change_start_station
Gekozen functie: change_start_station
Gekozen functie: mutate_trajectories
Gekozen functie: mutate_trajectories
Gekozen functie: change_start_station
Gekozen functie: change_start_station
Gekozen functie: mutate_trajectories
Gekozen functie: mutate_trajectories
Gekozen functie: change_start_station
Gekozen functie: change_start_station
Gekozen functie: mutate_trajectories
Gekozen functie: change_start_station
Gekozen functie: change_start_station
Gekozen functie: mutate_trajectories
Gekozen functie: mutate_trajectories
Gekozen functie: change_start_station
Gekozen functie: change_start_station
Gekozen functie: change_start_station
Gekozen functie: change_start_station
Gekozen functie: change_start_station
Gekozen functie: mutate_trajectories
Gekozen functie: change_start_station
Gekozen functie: change_start_station
Gekozen functie: mutate_trajectories
Gekozen functie: mutate_trajectories
Gekozen functie: change_start_station
Gekozen functie: change_start_station
Gekozen functie: mutate_trajectories
Gekozen functie: change_start_station
Gekozen functie: mutate_trajectories
Gekozen functie: mutate_trajectories
Gekozen functie: change_start_station
Gekozen functie: mutate_trajectories
Gekozen functie: mutate_trajectories
Gekozen functie: change_start_station
Gekozen functie: mutate_trajectories
Gekozen functie: mutate_trajectories
Gekozen functie: mutate_trajectories
Gekozen functie: change_start_station
Gekozen functie: change_start_station
Gekozen functie: mutate_trajectories
Gekozen functie: change_start_station
Gekozen functie: mutate_trajectories
Gekozen functie: change_start_station
Gekozen functie: mutate_trajectories
Gekozen functie: change_start_station
Gekozen functie: change_start_station
Gekozen functie: mutate_trajectories
Gekozen functie: mutate_trajectories
Gekozen functie: mutate_trajectories
Gekozen functie: change_start_station
Gekozen functie: mutate_trajectories
Gekozen functie: change_start_station
Gekozen functie: change_start_station
Gekozen functie: mutate_trajectories
Gekozen functie: mutate_trajectories
Gekozen functie: change_start_station
Gekozen functie: change_start_station
Gekozen functie: mutate_trajectories
Gekozen functie: change_start_station
Gekozen functie: mutate_trajectories
Gekozen functie: mutate_trajectories
Gekozen functie: change_start_station
Gekozen functie: mutate_trajectories
Gekozen functie: mutate_trajectories
Gekozen functie: change_start_station
Gekozen functie: mutate_trajectories
Gekozen functie: mutate_trajectories
Gekozen functie: mutate_trajectories
Gekozen functie: change_start_station
Gekozen functie: mutate_trajectories
Gekozen functie: mutate_trajectories
Gekozen functie: change_start_station
Gekozen functie: change_start_station
Gekozen functie: change_start_station
Gekozen functie: mutate_trajectories
Gekozen functie: mutate_trajectories
Gekozen functie: change_start_station
Gekozen functie: mutate_trajectories
Gekozen functie: mutate_trajectories
Gekozen functie: change_start_station
Gekozen functie: change_start_station
Gekozen functie: change_start_station
Gekozen functie: mutate_trajectories
Gekozen functie: mutate_trajectories
Gekozen functie: mutate_trajectories
Gekozen functie: mutate_trajectories
Gekozen functie: change_start_station
Gekozen functie: change_start_station
Gekozen functie: mutate_trajectories
Gekozen functie: mutate_trajectories
Gekozen functie: change_start_station
Gekozen functie: change_start_station
Gekozen functie: change_start_station
Gekozen functie: change_start_station
Gekozen functie: change_start_station
Gekozen functie: mutate_trajectories
Gekozen functie: mutate_trajectories
Gekozen functie: mutate_trajectories
Gekozen functie: mutate_trajectories
Gekozen functie: mutate_trajectories
Gekozen functie: change_start_station
Gekozen functie: mutate_trajectories
Gekozen functie: mutate_trajectories
Gekozen functie: mutate_trajectories
Gekozen functie: change_start_station
Gekozen functie: mutate_trajectories
Gekozen functie: change_start_station
Gekozen functie: mutate_trajectories
Gekozen functie: change_start_station
Gekozen functie: change_start_station
Gekozen functie: mutate_trajectories
Gekozen functie: change_start_station
Gekozen functie: change_start_station
Gekozen functie: change_start_station
Gekozen functie: mutate_trajectories
Gekozen functie: change_start_station
Gekozen functie: change_start_station
Gekozen functie: change_start_station
Gekozen functie: mutate_trajectories
Gekozen functie: change_start_station
Gekozen functie: change_start_station
Gekozen functie: mutate_trajectories
Gekozen functie: change_start_station
Gekozen functie: mutate_trajectories
Gekozen functie: change_start_station
Gekozen functie: mutate_trajectories
Gekozen functie: mutate_trajectories
Gekozen functie: mutate_trajectories
Gekozen functie: change_start_station
Gekozen functie: change_start_station
Gekozen functie: mutate_trajectories
Gekozen functie: mutate_trajectories
Gekozen functie: change_start_station
Gekozen functie: mutate_trajectories
Gekozen functie: change_start_station
Gekozen functie: change_start_station
Gekozen functie: change_start_station
Gekozen functie: change_start_station
Gekozen functie: mutate_trajectories
Gekozen functie: change_start_station
Gekozen functie: mutate_trajectories
Gekozen functie: change_start_station
Gekozen functie: mutate_trajectories
Gekozen functie: change_start_station
Gekozen functie: mutate_trajectories
Gekozen functie: change_start_station
Gekozen functie: change_start_station
Gekozen functie: change_start_station
Gekozen functie: mutate_trajectories
Gekozen functie: change_start_station
Gekozen functie: change_start_station
Gekozen functie: mutate_trajectories
Gekozen functie: mutate_trajectories
Gekozen functie: change_start_station
Gekozen functie: change_start_station
Gekozen functie: change_start_station
Gekozen functie: mutate_trajectories
Gekozen functie: change_start_station
Gekozen functie: change_start_station
Gekozen functie: mutate_trajectories
Gekozen functie: change_start_station
Gekozen functie: mutate_trajectories
Gekozen functie: change_start_station
Gekozen functie: change_start_station
Gekozen functie: change_start_station
Gekozen functie: change_start_station
Gekozen functie: mutate_trajectories
Gekozen functie: mutate_trajectories
Gekozen functie: mutate_trajectories
Gekozen functie: change_start_station
Gekozen functie: mutate_trajectories
Gekozen functie: mutate_trajectories
Gekozen functie: change_start_station
Gekozen functie: change_start_station
Gekozen functie: mutate_trajectories
Gekozen functie: mutate_trajectories
Gekozen functie: change_start_station
Gekozen functie: mutate_trajectories
Gekozen functie: change_start_station
Gekozen functie: change_start_station
Gekozen functie: mutate_trajectories
Gekozen functie: mutate_trajectories
Gekozen functie: mutate_trajectories
Gekozen functie: change_start_station
Gekozen functie: mutate_trajectories
Gekozen functie: mutate_trajectories
Gekozen functie: mutate_trajectories
Gekozen functie: mutate_trajectories
Gekozen functie: change_start_station
Gekozen functie: mutate_trajectories
Gekozen functie: change_start_station
Gekozen functie: change_start_station
Gekozen functie: change_start_station
Gekozen functie: change_start_station
Gekozen functie: change_start_station
Gekozen functie: mutate_trajectories
Gekozen functie: mutate_trajectories
Gekozen functie: mutate_trajectories
Gekozen functie: change_start_station
Gekozen functie: change_start_station
Gekozen functie: change_start_station
Gekozen functie: mutate_trajectories
Gekozen functie: mutate_trajectories
Gekozen functie: change_start_station
Gekozen functie: change_start_station
Gekozen functie: mutate_trajectories
Gekozen functie: mutate_trajectories
Gekozen functie: change_start_station
Gekozen functie: change_start_station
Gekozen functie: change_start_station
Gekozen functie: mutate_trajectories
Gekozen functie: mutate_trajectories
Gekozen functie: mutate_trajectories
Gekozen functie: change_start_station
Gekozen functie: change_start_station
Gekozen functie: mutate_trajectories
Gekozen functie: mutate_trajectories
Gekozen functie: change_start_station
Gekozen functie: mutate_trajectories
Gekozen functie: change_start_station
Gekozen functie: mutate_trajectories
Gekozen functie: change_start_station
Gekozen functie: mutate_trajectories
Gekozen functie: mutate_trajectories
Gekozen functie: mutate_trajectories
Gekozen functie: mutate_trajectories
Gekozen functie: mutate_trajectories
Gekozen functie: mutate_trajectories
Gekozen functie: change_start_station
Gekozen functie: change_start_station
Gekozen functie: change_start_station
Gekozen functie: change_start_station
Gekozen functie: mutate_trajectories
Gekozen functie: change_start_station
Gekozen functie: change_start_station
Gekozen functie: mutate_trajectories
Gekozen functie: change_start_station
Gekozen functie: change_start_station
Gekozen functie: mutate_trajectories
Gekozen functie: change_start_station
Gekozen functie: change_start_station
Gekozen functie: change_start_station
Gekozen functie: change_start_station
Gekozen functie: change_start_station
Gekozen functie: mutate_trajectories
Gekozen functie: mutate_trajectories
Gekozen functie: mutate_trajectories
Gekozen functie: mutate_trajectories
Gekozen functie: mutate_trajectories
Gekozen functie: mutate_trajectories
Gekozen functie: mutate_trajectories
Gekozen functie: mutate_trajectories
Gekozen functie: change_start_station
Gekozen functie: change_start_station
Gekozen functie: mutate_trajectories
Gekozen functie: change_start_station
Gekozen functie: mutate_trajectories
Gekozen functie: change_start_station
Gekozen functie: change_start_station
Gekozen functie: mutate_trajectories
Gekozen functie: change_start_station
Gekozen functie: mutate_trajectories
Gekozen functie: change_start_station
Gekozen functie: change_start_station
Gekozen functie: mutate_trajectories
Gekozen functie: mutate_trajectories
Gekozen functie: change_start_station
Gekozen functie: change_start_station
Gekozen functie: mutate_trajectories
Gekozen functie: change_start_station
Gekozen functie: mutate_trajectories
Gekozen functie: mutate_trajectories
Gekozen functie: change_start_station
Gekozen functie: mutate_trajectories
Gekozen functie: mutate_trajectories
Gekozen functie: mutate_trajectories
Gekozen functie: change_start_station
Gekozen functie: change_start_station
Gekozen functie: change_start_station
Gekozen functie: mutate_trajectories
Gekozen functie: change_start_station
Gekozen functie: change_start_station
Gekozen functie: mutate_trajectories
Gekozen functie: change_start_station
Gekozen functie: change_start_station
Gekozen functie: mutate_trajectories
Gekozen functie: mutate_trajectories
Gekozen functie: change_start_station
Gekozen functie: change_start_station
Gekozen functie: mutate_trajectories
Gekozen functie: mutate_trajectories
Gekozen functie: mutate_trajectories
Gekozen functie: change_start_station
Gekozen functie: change_start_station
Gekozen functie: mutate_trajectories
Gekozen functie: change_start_station
Gekozen functie: change_start_station
Gekozen functie: change_start_station
Gekozen functie: mutate_trajectories
Gekozen functie: mutate_trajectories
Gekozen functie: change_start_station
Gekozen functie: change_start_station
Gekozen functie: change_start_station
Gekozen functie: change_start_station
Gekozen functie: change_start_station
Gekozen functie: change_start_station
Gekozen functie: mutate_trajectories
Gekozen functie: change_start_station
Gekozen functie: mutate_trajectories
Gekozen functie: mutate_trajectories
Gekozen functie: mutate_trajectories
Gekozen functie: mutate_trajectories
Gekozen functie: change_start_station
Gekozen functie: mutate_trajectories
Gekozen functie: mutate_trajectories
Gekozen functie: change_start_station
Gekozen functie: change_start_station
Gekozen functie: mutate_trajectories
Gekozen functie: mutate_trajectories
Gekozen functie: mutate_trajectories
Gekozen functie: change_start_station
Gekozen functie: mutate_trajectories
Gekozen functie: change_start_station
Gekozen functie: change_start_station
Gekozen functie: change_start_station
Gekozen functie: change_start_station
Gekozen functie: mutate_trajectories
Gekozen functie: mutate_trajectories
Gekozen functie: change_start_station
Gekozen functie: mutate_trajectories
Gekozen functie: change_start_station
Gekozen functie: change_start_station
Gekozen functie: change_start_station
Gekozen functie: change_start_station
Gekozen functie: mutate_trajectories
Gekozen functie: mutate_trajectories
Gekozen functie: mutate_trajectories
Gekozen functie: change_start_station
Gekozen functie: change_start_station
Gekozen functie: mutate_trajectories
Gekozen functie: mutate_trajectories
Gekozen functie: change_start_station
Gekozen functie: change_start_station
Gekozen functie: change_start_station
Gekozen functie: mutate_trajectories
Gekozen functie: mutate_trajectories
Gekozen functie: mutate_trajectories
Gekozen functie: mutate_trajectories
Gekozen functie: change_start_station
Gekozen functie: change_start_station
Gekozen functie: change_start_station
Gekozen functie: mutate_trajectories
Gekozen functie: change_start_station
Gekozen functie: change_start_station
Gekozen functie: change_start_station
Gekozen functie: mutate_trajectories
Gekozen functie: change_start_station
Gekozen functie: change_start_station
Gekozen functie: change_start_station
Gekozen functie: change_start_station
Gekozen functie: mutate_trajectories
Gekozen functie: change_start_station
Gekozen functie: mutate_trajectories
Gekozen functie: change_start_station
Gekozen functie: mutate_trajectories
Gekozen functie: mutate_trajectories
Gekozen functie: mutate_trajectories
Gekozen functie: mutate_trajectories
Gekozen functie: mutate_trajectories
Gekozen functie: change_start_station
Gekozen functie: mutate_trajectories
Gekozen functie: change_start_station
Gekozen functie: change_start_station
Gekozen functie: mutate_trajectories
Gekozen functie: mutate_trajectories
Gekozen functie: mutate_trajectories
Gekozen functie: change_start_station
Gekozen functie: mutate_trajectories
Gekozen functie: change_start_station
Gekozen functie: change_start_station
Gekozen functie: mutate_trajectories
Gekozen functie: change_start_station
Gekozen functie: change_start_station
Gekozen functie: change_start_station
Gekozen functie: change_start_station
Gekozen functie: change_start_station
Gekozen functie: mutate_trajectories
Gekozen functie: mutate_trajectories
Gekozen functie: mutate_trajectories
Gekozen functie: change_start_station
Gekozen functie: mutate_trajectories
Gekozen functie: change_start_station
Gekozen functie: mutate_trajectories
Gekozen functie: change_start_station
Gekozen functie: change_start_station
Gekozen functie: mutate_trajectories
Gekozen functie: mutate_trajectories
Gekozen functie: mutate_trajectories
Gekozen functie: change_start_station
Gekozen functie: change_start_station
Gekozen functie: mutate_trajectories
Gekozen functie: change_start_station
Gekozen functie: mutate_trajectories
Gekozen functie: mutate_trajectories
Gekozen functie: mutate_trajectories
Gekozen functie: change_start_station
Gekozen functie: change_start_station
Gekozen functie: mutate_trajectories
Gekozen functie: mutate_trajectories
Gekozen functie: mutate_trajectories
Gekozen functie: mutate_trajectories
Gekozen functie: change_start_station
Gekozen functie: change_start_station
Gekozen functie: change_start_station
Gekozen functie: mutate_trajectories
Gekozen functie: mutate_trajectories
Gekozen functie: mutate_trajectories
Gekozen functie: change_start_station
Gekozen functie: change_start_station
Gekozen functie: mutate_trajectories
Gekozen functie: mutate_trajectories
Gekozen functie: mutate_trajectories
Gekozen functie: mutate_trajectories
Gekozen functie: change_start_station
Gekozen functie: change_start_station
Gekozen functie: change_start_station
Gekozen functie: change_start_station
Gekozen functie: mutate_trajectories
Gekozen functie: change_start_station
Gekozen functie: mutate_trajectories
Gekozen functie: change_start_station
Gekozen functie: mutate_trajectories
Gekozen functie: change_start_station
Gekozen functie: mutate_trajectories
Gekozen functie: mutate_trajectories
Gekozen functie: mutate_trajectories
Gekozen functie: mutate_trajectories
Gekozen functie: mutate_trajectories
Gekozen functie: change_start_station
Gekozen functie: change_start_station
Gekozen functie: change_start_station
Gekozen functie: change_start_station
Gekozen functie: mutate_trajectories
Gekozen functie: mutate_trajectories
Gekozen functie: change_start_station
Gekozen functie: change_start_station
Gekozen functie: change_start_station
Gekozen functie: mutate_trajectories
Gekozen functie: mutate_trajectories
Gekozen functie: mutate_trajectories
Gekozen functie: change_start_station
Gekozen functie: change_start_station
Gekozen functie: mutate_trajectories
Gekozen functie: change_start_station
Gekozen functie: change_start_station
Gekozen functie: mutate_trajectories
Gekozen functie: mutate_trajectories
Gekozen functie: mutate_trajectories
Gekozen functie: mutate_trajectories
Gekozen functie: change_start_station
Gekozen functie: change_start_station
Gekozen functie: mutate_trajectories
Gekozen functie: mutate_trajectories
Gekozen functie: change_start_station
Gekozen functie: change_start_station
Gekozen functie: mutate_trajectories
Gekozen functie: mutate_trajectories
Gekozen functie: change_start_station
Gekozen functie: mutate_trajectories
Gekozen functie: change_start_station
Gekozen functie: mutate_trajectories
Gekozen functie: mutate_trajectories
Gekozen functie: mutate_trajectories
Gekozen functie: change_start_station
Gekozen functie: change_start_station
Gekozen functie: mutate_trajectories
Gekozen functie: mutate_trajectories
Gekozen functie: change_start_station
Gekozen functie: change_start_station
Gekozen functie: change_start_station
Gekozen functie: mutate_trajectories
Gekozen functie: change_start_station
Gekozen functie: change_start_station
Gekozen functie: mutate_trajectories
Gekozen functie: change_start_station
Gekozen functie: mutate_trajectories
Gekozen functie: change_start_station
Gekozen functie: mutate_trajectories
Gekozen functie: mutate_trajectories
Gekozen functie: change_start_station
Gekozen functie: change_start_station
Gekozen functie: change_start_station
Gekozen functie: change_start_station
Gekozen functie: change_start_station
Gekozen functie: change_start_station
Gekozen functie: mutate_trajectories
Gekozen functie: change_start_station
Gekozen functie: change_start_station
Gekozen functie: mutate_trajectories
Gekozen functie: change_start_station
Gekozen functie: mutate_trajectories
Gekozen functie: change_start_station
Gekozen functie: mutate_trajectories
Gekozen functie: change_start_station
Gekozen functie: change_start_station
Gekozen functie: mutate_trajectories
Gekozen functie: mutate_trajectories
Gekozen functie: mutate_trajectories
Gekozen functie: change_start_station
Gekozen functie: mutate_trajectories
Gekozen functie: change_start_station
Gekozen functie: change_start_station
Gekozen functie: change_start_station
Gekozen functie: mutate_trajectories
Gekozen functie: mutate_trajectories
Gekozen functie: change_start_station
Gekozen functie: change_start_station
Gekozen functie: change_start_station
Gekozen functie: change_start_station
Gekozen functie: change_start_station
Gekozen functie: change_start_station
Gekozen functie: change_start_station
Gekozen functie: mutate_trajectories
Gekozen functie: change_start_station
Gekozen functie: mutate_trajectories
Gekozen functie: change_start_station
Gekozen functie: mutate_trajectories
Gekozen functie: mutate_trajectories
Gekozen functie: mutate_trajectories
Gekozen functie: change_start_station
Gekozen functie: change_start_station
Gekozen functie: change_start_station
Gekozen functie: change_start_station
Gekozen functie: mutate_trajectories
Gekozen functie: mutate_trajectories
Gekozen functie: change_start_station
Gekozen functie: change_start_station
Gekozen functie: change_start_station
Gekozen functie: mutate_trajectories
Gekozen functie: mutate_trajectories
Gekozen functie: change_start_station
Gekozen functie: change_start_station
Gekozen functie: mutate_trajectories
Gekozen functie: change_start_station
Gekozen functie: mutate_trajectories
Gekozen functie: change_start_station
Gekozen functie: mutate_trajectories
Gekozen functie: mutate_trajectories
Gekozen functie: mutate_trajectories
Gekozen functie: mutate_trajectories
Gekozen functie: mutate_trajectories
Gekozen functie: mutate_trajectories
Gekozen functie: mutate_trajectories
Gekozen functie: change_start_station
Gekozen functie: mutate_trajectories
Gekozen functie: change_start_station
Gekozen functie: change_start_station
Gekozen functie: change_start_station
Gekozen functie: change_start_station
Gekozen functie: mutate_trajectories
Gekozen functie: mutate_trajectories
Gekozen functie: change_start_station
Gekozen functie: change_start_station
Gekozen functie: mutate_trajectories
Gekozen functie: change_start_station
Gekozen functie: change_start_station
Gekozen functie: change_start_station
Gekozen functie: mutate_trajectories
Gekozen functie: change_start_station
Gekozen functie: mutate_trajectories
Gekozen functie: mutate_trajectories
Gekozen functie: change_start_station
Gekozen functie: change_start_station
Gekozen functie: change_start_station
Gekozen functie: mutate_trajectories
Gekozen functie: mutate_trajectories
Gekozen functie: change_start_station
Gekozen functie: mutate_trajectories
Gekozen functie: change_start_station
Gekozen functie: mutate_trajectories
Gekozen functie: mutate_trajectories
Gekozen functie: mutate_trajectories
Gekozen functie: mutate_trajectories
Gekozen functie: change_start_station
Gekozen functie: mutate_trajectories
Gekozen functie: mutate_trajectories
Gekozen functie: mutate_trajectories
Gekozen functie: mutate_trajectories
Gekozen functie: mutate_trajectories
Gekozen functie: mutate_trajectories
Gekozen functie: mutate_trajectories
Gekozen functie: mutate_trajectories
Gekozen functie: mutate_trajectories
Gekozen functie: change_start_station
Gekozen functie: change_start_station
Gekozen functie: mutate_trajectories
Gekozen functie: change_start_station
Gekozen functie: change_start_station
Gekozen functie: mutate_trajectories
Gekozen functie: change_start_station
Gekozen functie: change_start_station
Gekozen functie: mutate_trajectories
Gekozen functie: mutate_trajectories
Gekozen functie: mutate_trajectories
Gekozen functie: change_start_station
Gekozen functie: change_start_station
Gekozen functie: change_start_station
Gekozen functie: change_start_station
Gekozen functie: change_start_station
Gekozen functie: change_start_station
Gekozen functie: change_start_station
Gekozen functie: mutate_trajectories
Gekozen functie: mutate_trajectories
Gekozen functie: mutate_trajectories
Gekozen functie: change_start_station
Gekozen functie: change_start_station
Gekozen functie: mutate_trajectories
Gekozen functie: mutate_trajectories
Gekozen functie: mutate_trajectories
Gekozen functie: mutate_trajectories
Gekozen functie: change_start_station
Gekozen functie: mutate_trajectories
Gekozen functie: change_start_station
Gekozen functie: mutate_trajectories
Gekozen functie: change_start_station
Gekozen functie: change_start_station
Gekozen functie: mutate_trajectories
Gekozen functie: mutate_trajectories
Gekozen functie: mutate_trajectories
Gekozen functie: mutate_trajectories
Gekozen functie: change_start_station
Gekozen functie: mutate_trajectories
Gekozen functie: change_start_station
Gekozen functie: mutate_trajectories
Gekozen functie: mutate_trajectories
Gekozen functie: mutate_trajectories
Gekozen functie: change_start_station
Gekozen functie: mutate_trajectories
Gekozen functie: change_start_station
Gekozen functie: change_start_station
Gekozen functie: change_start_station
Gekozen functie: mutate_trajectories
Gekozen functie: change_start_station
Gekozen functie: change_start_station
Gekozen functie: mutate_trajectories
Gekozen functie: mutate_trajectories
Gekozen functie: change_start_station
Gekozen functie: mutate_trajectories
Gekozen functie: mutate_trajectories
Gekozen functie: change_start_station
Gekozen functie: mutate_trajectories
Gekozen functie: change_start_station
Gekozen functie: change_start_station
Gekozen functie: change_start_station
Gekozen functie: change_start_station
Gekozen functie: change_start_station
Gekozen functie: mutate_trajectories
Gekozen functie: change_start_station
Gekozen functie: change_start_station
Gekozen functie: mutate_trajectories
Gekozen functie: mutate_trajectories
Gekozen functie: change_start_station
Gekozen functie: change_start_station
Gekozen functie: mutate_trajectories
Gekozen functie: mutate_trajectories
Gekozen functie: change_start_station
Gekozen functie: change_start_station
Gekozen functie: change_start_station
Gekozen functie: mutate_trajectories
Gekozen functie: mutate_trajectories
Gekozen functie: mutate_trajectories
Gekozen functie: mutate_trajectories
Gekozen functie: mutate_trajectories
Gekozen functie: change_start_station
Gekozen functie: change_start_station
Gekozen functie: mutate_trajectories
Gekozen functie: change_start_station
Gekozen functie: change_start_station
Gekozen functie: change_start_station
Gekozen functie: mutate_trajectories
Gekozen functie: change_start_station
Gekozen functie: change_start_station
Gekozen functie: mutate_trajectories
Gekozen functie: change_start_station
Gekozen functie: change_start_station
Gekozen functie: mutate_trajectories
Gekozen functie: change_start_station
Gekozen functie: change_start_station
Gekozen functie: mutate_trajectories
Gekozen functie: mutate_trajectories
Gekozen functie: mutate_trajectories
Gekozen functie: mutate_trajectories
Gekozen functie: mutate_trajectories
Gekozen functie: change_start_station
Gekozen functie: mutate_trajectories
Gekozen functie: change_start_station
Gekozen functie: change_start_station
Gekozen functie: change_start_station
Gekozen functie: mutate_trajectories
Gekozen functie: change_start_station
Gekozen functie: change_start_station
Gekozen functie: change_start_station
Gekozen functie: change_start_station
Gekozen functie: mutate_trajectories
Gekozen functie: change_start_station
Gekozen functie: mutate_trajectories
Gekozen functie: mutate_trajectories
Gekozen functie: mutate_trajectories
Gekozen functie: mutate_trajectories
Gekozen functie: mutate_trajectories
Gekozen functie: mutate_trajectories
Gekozen functie: mutate_trajectories
Gekozen functie: change_start_station
Gekozen functie: mutate_trajectories
Gekozen functie: mutate_trajectories
Gekozen functie: change_start_station
Gekozen functie: change_start_station
Gekozen functie: mutate_trajectories
Gekozen functie: mutate_trajectories
Gekozen functie: mutate_trajectories
Gekozen functie: mutate_trajectories
Gekozen functie: mutate_trajectories
Gekozen functie: change_start_station
Gekozen functie: mutate_trajectories
Gekozen functie: change_start_station
Gekozen functie: change_start_station
Gekozen functie: mutate_trajectories
Gekozen functie: mutate_trajectories
Gekozen functie: change_start_station
Gekozen functie: mutate_trajectories
Gekozen functie: change_start_station
Gekozen functie: change_start_station
Gekozen functie: change_start_station
Gekozen functie: change_start_station
Gekozen functie: mutate_trajectories
Gekozen functie: mutate_trajectories
Gekozen functie: change_start_station
Gekozen functie: mutate_trajectories
Gekozen functie: mutate_trajectories
Gekozen functie: mutate_trajectories
Gekozen functie: mutate_trajectories
Gekozen functie: change_start_station
Gekozen functie: mutate_trajectories
Gekozen functie: mutate_trajectories
Gekozen functie: mutate_trajectories
Gekozen functie: mutate_trajectories
Gekozen functie: mutate_trajectories
Gekozen functie: mutate_trajectories
Gekozen functie: mutate_trajectories
Gekozen functie: change_start_station
Gekozen functie: mutate_trajectories
Gekozen functie: mutate_trajectories
Gekozen functie: change_start_station
Gekozen functie: mutate_trajectories
Gekozen functie: mutate_trajectories
Gekozen functie: change_start_station
Gekozen functie: change_start_station
Gekozen functie: change_start_station
Gekozen functie: mutate_trajectories
Gekozen functie: change_start_station
Gekozen functie: mutate_trajectories
Gekozen functie: change_start_station
Gekozen functie: change_start_station
Gekozen functie: change_start_station
Gekozen functie: change_start_station
Gekozen functie: change_start_station
Gekozen functie: change_start_station
Gekozen functie: mutate_trajectories
Gekozen functie: change_start_station
Gekozen functie: change_start_station
Gekozen functie: change_start_station
Gekozen functie: mutate_trajectories
Gekozen functie: mutate_trajectories
Gekozen functie: change_start_station
Gekozen functie: change_start_station
Gekozen functie: mutate_trajectories
Gekozen functie: change_start_station
Gekozen functie: mutate_trajectories
Gekozen functie: change_start_station
Gekozen functie: mutate_trajectories
Gekozen functie: mutate_trajectories
Gekozen functie: change_start_station
Gekozen functie: mutate_trajectories
Gekozen functie: change_start_station
Gekozen functie: change_start_station
Gekozen functie: mutate_trajectories
Gekozen functie: change_start_station
Gekozen functie: mutate_trajectories
Gekozen functie: mutate_trajectories
Gekozen functie: change_start_station
Gekozen functie: mutate_trajectories
Gekozen functie: change_start_station
Gekozen functie: change_start_station
Gekozen functie: change_start_station
Gekozen functie: mutate_trajectories
Gekozen functie: change_start_station
Gekozen functie: mutate_trajectories
Gekozen functie: change_start_station
Gekozen functie: mutate_trajectories
Gekozen functie: change_start_station
Gekozen functie: change_start_station
Gekozen functie: change_start_station
Gekozen functie: mutate_trajectories
Gekozen functie: mutate_trajectories
Gekozen functie: change_start_station
Gekozen functie: change_start_station
Gekozen functie: mutate_trajectories
Gekozen functie: mutate_trajectories
Gekozen functie: mutate_trajectories
Gekozen functie: change_start_station
Gekozen functie: mutate_trajectories
Gekozen functie: mutate_trajectories
Gekozen functie: change_start_station
Gekozen functie: mutate_trajectories
Gekozen functie: mutate_trajectories
Gekozen functie: change_start_station
Gekozen functie: mutate_trajectories
Gekozen functie: mutate_trajectories
Gekozen functie: change_start_station
Gekozen functie: change_start_station
Gekozen functie: mutate_trajectories
Gekozen functie: change_start_station
Gekozen functie: change_start_station
Gekozen functie: change_start_station
Gekozen functie: mutate_trajectories
Gekozen functie: mutate_trajectories
Gekozen functie: mutate_trajectories
Gekozen functie: mutate_trajectories
Gekozen functie: mutate_trajectories
Gekozen functie: mutate_trajectories
Gekozen functie: change_start_station
Gekozen functie: mutate_trajectories
Gekozen functie: change_start_station
Gekozen functie: change_start_station
Gekozen functie: change_start_station
Gekozen functie: mutate_trajectories
Gekozen functie: mutate_trajectories
Gekozen functie: change_start_station
Gekozen functie: change_start_station
Gekozen functie: change_start_station
Gekozen functie: mutate_trajectories
Gekozen functie: change_start_station
Gekozen functie: mutate_trajectories
Gekozen functie: mutate_trajectories
Gekozen functie: change_start_station
Gekozen functie: change_start_station
Gekozen functie: change_start_station
Gekozen functie: mutate_trajectories
Gekozen functie: change_start_station
Gekozen functie: change_start_station
Gekozen functie: mutate_trajectories
Gekozen functie: change_start_station
Gekozen functie: mutate_trajectories
Gekozen functie: change_start_station
Gekozen functie: mutate_trajectories
Gekozen functie: mutate_trajectories
Gekozen functie: change_start_station
Gekozen functie: change_start_station
Gekozen functie: change_start_station
Gekozen functie: change_start_station
Gekozen functie: change_start_station
Gekozen functie: mutate_trajectories
Gekozen functie: mutate_trajectories
Gekozen functie: mutate_trajectories
Gekozen functie: mutate_trajectories
Gekozen functie: change_start_station
Gekozen functie: mutate_trajectories
Gekozen functie: change_start_station
Gekozen functie: mutate_trajectories
Gekozen functie: change_start_station
Gekozen functie: mutate_trajectories
Gekozen functie: mutate_trajectories
Gekozen functie: change_start_station
Gekozen functie: change_start_station
Gekozen functie: mutate_trajectories
Gekozen functie: mutate_trajectories
Gekozen functie: mutate_trajectories
Gekozen functie: mutate_trajectories
Gekozen functie: change_start_station
Gekozen functie: mutate_trajectories
Gekozen functie: mutate_trajectories
Gekozen functie: change_start_station
Gekozen functie: change_start_station
Gekozen functie: change_start_station
Gekozen functie: mutate_trajectories
Gekozen functie: change_start_station
Gekozen functie: change_start_station
Gekozen functie: mutate_trajectories
Gekozen functie: change_start_station
Gekozen functie: change_start_station
Gekozen functie: change_start_station
Gekozen functie: change_start_station
Gekozen functie: change_start_station
Gekozen functie: change_start_station
Gekozen functie: change_start_station
Gekozen functie: change_start_station
Gekozen functie: change_start_station
Gekozen functie: mutate_trajectories
Gekozen functie: mutate_trajectories
Gekozen functie: mutate_trajectories
Gekozen functie: change_start_station
Gekozen functie: change_start_station
Gekozen functie: change_start_station
Gekozen functie: change_start_station
Gekozen functie: mutate_trajectories
Gekozen functie: change_start_station
Gekozen functie: change_start_station
Gekozen functie: mutate_trajectories
Gekozen functie: mutate_trajectories
Gekozen functie: change_start_station
Gekozen functie: change_start_station
Gekozen functie: change_start_station
Gekozen functie: change_start_station
Gekozen functie: mutate_trajectories
Gekozen functie: mutate_trajectories
Gekozen functie: change_start_station
Gekozen functie: change_start_station
Gekozen functie: mutate_trajectories
Gekozen functie: change_start_station
Gekozen functie: mutate_trajectories
Gekozen functie: mutate_trajectories
Gekozen functie: change_start_station
Gekozen functie: change_start_station
Gekozen functie: mutate_trajectories
Gekozen functie: change_start_station
Gekozen functie: mutate_trajectories
Gekozen functie: change_start_station
Gekozen functie: change_start_station
Gekozen functie: mutate_trajectories
Gekozen functie: change_start_station
Gekozen functie: mutate_trajectories
Gekozen functie: mutate_trajectories
Gekozen functie: mutate_trajectories
Gekozen functie: mutate_trajectories
Gekozen functie: mutate_trajectories
Gekozen functie: change_start_station
Gekozen functie: mutate_trajectories
Gekozen functie: mutate_trajectories
Gekozen functie: change_start_station
Gekozen functie: mutate_trajectories
Gekozen functie: mutate_trajectories
Gekozen functie: mutate_trajectories
Gekozen functie: change_start_station
Gekozen functie: change_start_station
Gekozen functie: mutate_trajectories
Gekozen functie: mutate_trajectories
Gekozen functie: change_start_station
Gekozen functie: mutate_trajectories
Gekozen functie: change_start_station
Gekozen functie: mutate_trajectories
Gekozen functie: mutate_trajectories
Gekozen functie: change_start_station
Gekozen functie: change_start_station
Gekozen functie: mutate_trajectories
Gekozen functie: mutate_trajectories
Gekozen functie: mutate_trajectories
Gekozen functie: change_start_station
Gekozen functie: mutate_trajectories
Gekozen functie: change_start_station
Gekozen functie: change_start_station
Gekozen functie: mutate_trajectories
Gekozen functie: change_start_station
Gekozen functie: change_start_station
Gekozen functie: mutate_trajectories
Gekozen functie: mutate_trajectories
Gekozen functie: change_start_station
Gekozen functie: mutate_trajectories
Gekozen functie: change_start_station
Gekozen functie: change_start_station
Gekozen functie: mutate_trajectories
Gekozen functie: change_start_station
Gekozen functie: mutate_trajectories
Gekozen functie: change_start_station
Gekozen functie: mutate_trajectories
Gekozen functie: change_start_station
Gekozen functie: change_start_station
Gekozen functie: change_start_station
Gekozen functie: mutate_trajectories
Gekozen functie: mutate_trajectories
Gekozen functie: change_start_station
Gekozen functie: change_start_station
Gekozen functie: change_start_station
Gekozen functie: change_start_station
Gekozen functie: mutate_trajectories
Gekozen functie: change_start_station
Gekozen functie: mutate_trajectories
Gekozen functie: mutate_trajectories
Gekozen functie: mutate_trajectories
Gekozen functie: change_start_station
Gekozen functie: change_start_station
Gekozen functie: mutate_trajectories
Gekozen functie: change_start_station
Gekozen functie: mutate_trajectories
Gekozen functie: change_start_station
Gekozen functie: change_start_station
Gekozen functie: change_start_station
Gekozen functie: mutate_trajectories
Gekozen functie: change_start_station
Gekozen functie: change_start_station
Gekozen functie: change_start_station
Gekozen functie: change_start_station
Gekozen functie: change_start_station
Gekozen functie: mutate_trajectories
Gekozen functie: change_start_station
Gekozen functie: change_start_station
Gekozen functie: mutate_trajectories
Gekozen functie: change_start_station
Gekozen functie: change_start_station
Gekozen functie: change_start_station
Gekozen functie: mutate_trajectories
Gekozen functie: change_start_station
Gekozen functie: mutate_trajectories
Gekozen functie: change_start_station
Gekozen functie: mutate_trajectories
Gekozen functie: change_start_station
Gekozen functie: change_start_station
Gekozen functie: change_start_station
Gekozen functie: change_start_station
Gekozen functie: change_start_station
Gekozen functie: mutate_trajectories
Gekozen functie: mutate_trajectories
Gekozen functie: mutate_trajectories
Gekozen functie: mutate_trajectories
Gekozen functie: change_start_station
Gekozen functie: mutate_trajectories
Gekozen functie: mutate_trajectories
Gekozen functie: mutate_trajectories
Gekozen functie: mutate_trajectories
Gekozen functie: change_start_station
Gekozen functie: mutate_trajectories
Gekozen functie: change_start_station
Gekozen functie: mutate_trajectories
Gekozen functie: mutate_trajectories
Gekozen functie: change_start_station
Gekozen functie: change_start_station
Gekozen functie: change_start_station
Gekozen functie: change_start_station
Gekozen functie: change_start_station
Gekozen functie: change_start_station
Gekozen functie: change_start_station
Gekozen functie: change_start_station
Gekozen functie: change_start_station
Gekozen functie: mutate_trajectories
Gekozen functie: mutate_trajectories
Gekozen functie: change_start_station
Gekozen functie: change_start_station
Gekozen functie: mutate_trajectories
Gekozen functie: mutate_trajectories
Gekozen functie: mutate_trajectories
Gekozen functie: change_start_station
Gekozen functie: change_start_station
Gekozen functie: mutate_trajectories
Gekozen functie: change_start_station
Gekozen functie: mutate_trajectories
Gekozen functie: change_start_station
Gekozen functie: change_start_station
Gekozen functie: change_start_station
Gekozen functie: change_start_station
Gekozen functie: mutate_trajectories
Gekozen functie: change_start_station
Gekozen functie: change_start_station
Gekozen functie: mutate_trajectories
Gekozen functie: mutate_trajectories
Gekozen functie: change_start_station
Gekozen functie: mutate_trajectories
Gekozen functie: mutate_trajectories
Gekozen functie: mutate_trajectories
Gekozen functie: mutate_trajectories
Gekozen functie: change_start_station
Gekozen functie: mutate_trajectories
Gekozen functie: mutate_trajectories
Gekozen functie: change_start_station
Gekozen functie: change_start_station
Gekozen functie: mutate_trajectories
Gekozen functie: change_start_station
Gekozen functie: change_start_station
Gekozen functie: change_start_station
Gekozen functie: mutate_trajectories
Gekozen functie: mutate_trajectories
Gekozen functie: mutate_trajectories
Gekozen functie: mutate_trajectories
Gekozen functie: change_start_station
Gekozen functie: mutate_trajectories
Gekozen functie: mutate_trajectories
Gekozen functie: mutate_trajectories
Gekozen functie: change_start_station
Gekozen functie: change_start_station
Gekozen functie: mutate_trajectories
Gekozen functie: mutate_trajectories
Gekozen functie: mutate_trajectories
Gekozen functie: change_start_station
Gekozen functie: mutate_trajectories
Gekozen functie: change_start_station
Gekozen functie: change_start_station
Gekozen functie: change_start_station
Gekozen functie: change_start_station
Gekozen functie: change_start_station
Gekozen functie: mutate_trajectories
Gekozen functie: change_start_station
Gekozen functie: mutate_trajectories
Gekozen functie: change_start_station
Gekozen functie: mutate_trajectories
Gekozen functie: change_start_station
Gekozen functie: mutate_trajectories
Gekozen functie: change_start_station
Gekozen functie: mutate_trajectories
Gekozen functie: mutate_trajectories
Gekozen functie: change_start_station
Gekozen functie: change_start_station
Gekozen functie: change_start_station
Gekozen functie: change_start_station
Gekozen functie: change_start_station
Gekozen functie: change_start_station
Gekozen functie: mutate_trajectories
Gekozen functie: change_start_station
Gekozen functie: mutate_trajectories
Gekozen functie: mutate_trajectories
Gekozen functie: mutate_trajectories
Gekozen functie: change_start_station
Gekozen functie: change_start_station
Gekozen functie: mutate_trajectories
Gekozen functie: mutate_trajectories
Gekozen functie: change_start_station
Gekozen functie: change_start_station
Gekozen functie: mutate_trajectories
Gekozen functie: mutate_trajectories
Gekozen functie: mutate_trajectories
Gekozen functie: change_start_station
Gekozen functie: change_start_station
Gekozen functie: change_start_station
Gekozen functie: change_start_station
Gekozen functie: mutate_trajectories
Gekozen functie: change_start_station
Gekozen functie: mutate_trajectories
Gekozen functie: change_start_station
Gekozen functie: mutate_trajectories
Gekozen functie: change_start_station
Gekozen functie: change_start_station
Gekozen functie: change_start_station
Gekozen functie: mutate_trajectories
Gekozen functie: change_start_station
Gekozen functie: mutate_trajectories
Gekozen functie: mutate_trajectories
Gekozen functie: change_start_station
Gekozen functie: change_start_station
Gekozen functie: mutate_trajectories
Gekozen functie: mutate_trajectories
Gekozen functie: mutate_trajectories
Gekozen functie: change_start_station
Gekozen functie: change_start_station
Gekozen functie: mutate_trajectories
Gekozen functie: mutate_trajectories
Gekozen functie: mutate_trajectories
Gekozen functie: change_start_station
Gekozen functie: change_start_station
Gekozen functie: mutate_trajectories
Gekozen functie: change_start_station
Gekozen functie: change_start_station
Gekozen functie: change_start_station
Gekozen functie: mutate_trajectories
Gekozen functie: mutate_trajectories
Gekozen functie: mutate_trajectories
Gekozen functie: mutate_trajectories
Gekozen functie: mutate_trajectories
Gekozen functie: change_start_station
Gekozen functie: mutate_trajectories
Gekozen functie: change_start_station
Gekozen functie: change_start_station
Gekozen functie: change_start_station
Gekozen functie: change_start_station
Gekozen functie: change_start_station
Gekozen functie: change_start_station
Gekozen functie: mutate_trajectories
Gekozen functie: mutate_trajectories
Gekozen functie: change_start_station
Gekozen functie: mutate_trajectories
Gekozen functie: change_start_station
Gekozen functie: mutate_trajectories
Gekozen functie: mutate_trajectories
Gekozen functie: mutate_trajectories
Gekozen functie: mutate_trajectories
Gekozen functie: mutate_trajectories
Gekozen functie: mutate_trajectories
Gekozen functie: mutate_trajectories
Gekozen functie: mutate_trajectories
Gekozen functie: mutate_trajectories
Gekozen functie: mutate_trajectories
Gekozen functie: mutate_trajectories
Gekozen functie: change_start_station
Gekozen functie: change_start_station
Gekozen functie: change_start_station
Gekozen functie: change_start_station
Gekozen functie: mutate_trajectories
Gekozen functie: change_start_station
Gekozen functie: change_start_station
Gekozen functie: change_start_station
Gekozen functie: mutate_trajectories
Gekozen functie: change_start_station
Gekozen functie: mutate_trajectories
Gekozen functie: change_start_station
Gekozen functie: change_start_station
Gekozen functie: change_start_station
Gekozen functie: mutate_trajectories
Gekozen functie: change_start_station
Gekozen functie: mutate_trajectories
Gekozen functie: change_start_station
Gekozen functie: mutate_trajectories
Gekozen functie: change_start_station
Gekozen functie: mutate_trajectories
Gekozen functie: change_start_station
Gekozen functie: change_start_station
Gekozen functie: change_start_station
Gekozen functie: mutate_trajectories
Gekozen functie: mutate_trajectories
Gekozen functie: change_start_station
Gekozen functie: mutate_trajectories
Gekozen functie: change_start_station
Gekozen functie: mutate_trajectories
Gekozen functie: mutate_trajectories
Gekozen functie: mutate_trajectories
Gekozen functie: change_start_station
Gekozen functie: change_start_station
Gekozen functie: change_start_station
Gekozen functie: mutate_trajectories
Gekozen functie: mutate_trajectories
Gekozen functie: change_start_station
Gekozen functie: change_start_station
Gekozen functie: change_start_station
Gekozen functie: change_start_station
Gekozen functie: mutate_trajectories
Gekozen functie: mutate_trajectories
Gekozen functie: change_start_station
Gekozen functie: mutate_trajectories
Gekozen functie: mutate_trajectories
Gekozen functie: change_start_station
Gekozen functie: change_start_station
Gekozen functie: change_start_station
Gekozen functie: mutate_trajectories
Gekozen functie: change_start_station
Gekozen functie: mutate_trajectories
Gekozen functie: mutate_trajectories
Gekozen functie: mutate_trajectories
Gekozen functie: change_start_station
Gekozen functie: change_start_station
Gekozen functie: change_start_station
Gekozen functie: mutate_trajectories
Gekozen functie: change_start_station
Gekozen functie: change_start_station
Gekozen functie: mutate_trajectories
Gekozen functie: change_start_station
Gekozen functie: change_start_station
Gekozen functie: change_start_station
Gekozen functie: mutate_trajectories
Gekozen functie: mutate_trajectories
Gekozen functie: change_start_station
Gekozen functie: change_start_station
Gekozen functie: mutate_trajectories
Gekozen functie: change_start_station
Gekozen functie: change_start_station
Gekozen functie: mutate_trajectories
Gekozen functie: change_start_station
Gekozen functie: mutate_trajectories
Gekozen functie: change_start_station
Gekozen functie: mutate_trajectories
Gekozen functie: mutate_trajectories
Gekozen functie: mutate_trajectories
Gekozen functie: mutate_trajectories
Gekozen functie: change_start_station
Gekozen functie: mutate_trajectories
Gekozen functie: mutate_trajectories
Gekozen functie: mutate_trajectories
Gekozen functie: change_start_station
Gekozen functie: mutate_trajectories
Gekozen functie: mutate_trajectories
Gekozen functie: mutate_trajectories
Gekozen functie: mutate_trajectories
Gekozen functie: change_start_station
Gekozen functie: change_start_station
Gekozen functie: change_start_station
Gekozen functie: mutate_trajectories
Gekozen functie: change_start_station
Gekozen functie: change_start_station
Gekozen functie: mutate_trajectories
Gekozen functie: mutate_trajectories
Gekozen functie: mutate_trajectories
Gekozen functie: change_start_station
Gekozen functie: change_start_station
Gekozen functie: mutate_trajectories
Gekozen functie: change_start_station
Gekozen functie: mutate_trajectories
Gekozen functie: mutate_trajectories
Gekozen functie: mutate_trajectories
Gekozen functie: mutate_trajectories
Gekozen functie: change_start_station
Gekozen functie: change_start_station
Gekozen functie: mutate_trajectories
Gekozen functie: change_start_station
Gekozen functie: mutate_trajectories
Gekozen functie: change_start_station
Gekozen functie: change_start_station
Gekozen functie: change_start_station
Gekozen functie: change_start_station
Gekozen functie: change_start_station
Gekozen functie: mutate_trajectories
Gekozen functie: change_start_station
Gekozen functie: change_start_station
Gekozen functie: mutate_trajectories
Gekozen functie: change_start_station
Gekozen functie: mutate_trajectories
Gekozen functie: mutate_trajectories
Gekozen functie: mutate_trajectories
Gekozen functie: mutate_trajectories
Gekozen functie: change_start_station
Gekozen functie: change_start_station
Gekozen functie: mutate_trajectories
Gekozen functie: mutate_trajectories
Gekozen functie: mutate_trajectories
Gekozen functie: mutate_trajectories
Gekozen functie: change_start_station
Gekozen functie: mutate_trajectories
Gekozen functie: change_start_station
Gekozen functie: change_start_station
Gekozen functie: change_start_station
Gekozen functie: change_start_station
Gekozen functie: change_start_station
Gekozen functie: mutate_trajectories
Gekozen functie: mutate_trajectories
Gekozen functie: mutate_trajectories
Gekozen functie: change_start_station
Gekozen functie: change_start_station
Gekozen functie: mutate_trajectories
Gekozen functie: mutate_trajectories
Gekozen functie: change_start_station
Gekozen functie: change_start_station
Gekozen functie: mutate_trajectories
Gekozen functie: mutate_trajectories
Gekozen functie: change_start_station
Gekozen functie: change_start_station
Gekozen functie: change_start_station
Gekozen functie: mutate_trajectories
Gekozen functie: mutate_trajectories
Gekozen functie: change_start_station
Gekozen functie: change_start_station
Gekozen functie: mutate_trajectories
Gekozen functie: mutate_trajectories
Gekozen functie: mutate_trajectories
Gekozen functie: mutate_trajectories
Gekozen functie: mutate_trajectories
Gekozen functie: change_start_station
Gekozen functie: change_start_station
Gekozen functie: mutate_trajectories
Gekozen functie: change_start_station
Gekozen functie: change_start_station
Gekozen functie: change_start_station
Gekozen functie: change_start_station
Gekozen functie: mutate_trajectories
Gekozen functie: mutate_trajectories
Gekozen functie: change_start_station
Gekozen functie: mutate_trajectories
Gekozen functie: change_start_station
Gekozen functie: change_start_station
Gekozen functie: change_start_station
Gekozen functie: mutate_trajectories
Gekozen functie: change_start_station
Gekozen functie: mutate_trajectories
Gekozen functie: change_start_station
Gekozen functie: change_start_station
Gekozen functie: mutate_trajectories
Gekozen functie: change_start_station
Gekozen functie: mutate_trajectories
Gekozen functie: mutate_trajectories
Gekozen functie: change_start_station
Gekozen functie: change_start_station
Gekozen functie: change_start_station
Gekozen functie: mutate_trajectories
Gekozen functie: change_start_station
Gekozen functie: change_start_station
Gekozen functie: mutate_trajectories
Gekozen functie: mutate_trajectories
Gekozen functie: change_start_station
Gekozen functie: mutate_trajectories
Gekozen functie: mutate_trajectories
Gekozen functie: mutate_trajectories
Gekozen functie: change_start_station
Gekozen functie: change_start_station
Gekozen functie: mutate_trajectories
Gekozen functie: change_start_station
Gekozen functie: mutate_trajectories
Gekozen functie: change_start_station
Gekozen functie: change_start_station
Gekozen functie: mutate_trajectories
Gekozen functie: change_start_station
Gekozen functie: mutate_trajectories
Gekozen functie: change_start_station
Gekozen functie: change_start_station
Gekozen functie: change_start_station
Gekozen functie: mutate_trajectories
Gekozen functie: mutate_trajectories
Gekozen functie: mutate_trajectories
Gekozen functie: change_start_station
Gekozen functie: change_start_station
Gekozen functie: change_start_station
Gekozen functie: mutate_trajectories
Gekozen functie: mutate_trajectories
Gekozen functie: change_start_station
Gekozen functie: mutate_trajectories
Gekozen functie: change_start_station
Gekozen functie: mutate_trajectories
Gekozen functie: mutate_trajectories
Gekozen functie: mutate_trajectories
Gekozen functie: mutate_trajectories
Gekozen functie: mutate_trajectories
Gekozen functie: change_start_station
Gekozen functie: change_start_station
Gekozen functie: mutate_trajectories
Gekozen functie: mutate_trajectories
Gekozen functie: mutate_trajectories
Gekozen functie: change_start_station
Gekozen functie: mutate_trajectories
Gekozen functie: change_start_station
Gekozen functie: mutate_trajectories
Gekozen functie: mutate_trajectories
Gekozen functie: mutate_trajectories
Gekozen functie: change_start_station
Gekozen functie: mutate_trajectories
Gekozen functie: change_start_station
Gekozen functie: mutate_trajectories
Gekozen functie: mutate_trajectories
