"Gekozen functie: mutate_trajectories, 19216.714285714283"
Gekozen functie: mutate_trajectories
Gekozen functie: mutate_trajectories
Gekozen functie: mutate_trajectories
Gekozen functie: mutate_trajectories
Gekozen functie: mutate_trajectories
Gekozen functie: mutate_trajectories
Gekozen functie: mutate_trajectories
Gekozen functie: mutate_trajectories
Gekozen functie: mutate_trajectories
Gekozen functie: mutate_trajectories
Gekozen functie: mutate_trajectories
Gekozen functie: mutate_trajectories
Gekozen functie: mutate_trajectories
Gekozen functie: mutate_trajectories
Gekozen functie: mutate_trajectories
Gekozen functie: mutate_trajectories
Gekozen functie: mutate_trajectories
Gekozen functie: mutate_trajectories
Gekozen functie: mutate_trajectories
Gekozen functie: mutate_trajectories
Gekozen functie: mutate_trajectories
Gekozen functie: mutate_trajectories
Gekozen functie: mutate_trajectories
Gekozen functie: mutate_trajectories
Gekozen functie: mutate_trajectories
"Gekozen functie: mutate_trajectories, 19490.714285714283"
Gekozen functie: mutate_trajectories
Gekozen functie: mutate_trajectories
Gekozen functie: mutate_trajectories
Gekozen functie: mutate_trajectories
Gekozen functie: mutate_trajectories
Gekozen functie: mutate_trajectories
Gekozen functie: mutate_trajectories
Gekozen functie: mutate_trajectories
Gekozen functie: mutate_trajectories
Gekozen functie: mutate_trajectories
Gekozen functie: mutate_trajectories
Gekozen functie: mutate_trajectories
Gekozen functie: mutate_trajectories
Gekozen functie: mutate_trajectories
Gekozen functie: mutate_trajectories
Gekozen functie: mutate_trajectories
Gekozen functie: mutate_trajectories
Gekozen functie: mutate_trajectories
Gekozen functie: mutate_trajectories
Gekozen functie: mutate_trajectories
Gekozen functie: mutate_trajectories
Gekozen functie: mutate_trajectories
Gekozen functie: mutate_trajectories
Gekozen functie: mutate_trajectories
Gekozen functie: mutate_trajectories
Gekozen functie: mutate_trajectories
Gekozen functie: mutate_trajectories
Gekozen functie: mutate_trajectories
Gekozen functie: mutate_trajectories
Gekozen functie: mutate_trajectories
Gekozen functie: mutate_trajectories
Gekozen functie: mutate_trajectories
Gekozen functie: mutate_trajectories
Gekozen functie: mutate_trajectories
Gekozen functie: mutate_trajectories
Gekozen functie: mutate_trajectories
Gekozen functie: mutate_trajectories
Gekozen functie: mutate_trajectories
Gekozen functie: mutate_trajectories
Gekozen functie: mutate_trajectories
Gekozen functie: mutate_trajectories
Gekozen functie: mutate_trajectories
Gekozen functie: mutate_trajectories
Gekozen functie: mutate_trajectories
Gekozen functie: mutate_trajectories
Gekozen functie: mutate_trajectories
Gekozen functie: mutate_trajectories
Gekozen functie: mutate_trajectories
Gekozen functie: mutate_trajectories
Gekozen functie: mutate_trajectories
Gekozen functie: mutate_trajectories
Gekozen functie: mutate_trajectories
Gekozen functie: mutate_trajectories
Gekozen functie: mutate_trajectories
Gekozen functie: mutate_trajectories
Gekozen functie: mutate_trajectories
Gekozen functie: mutate_trajectories
Gekozen functie: mutate_trajectories
Gekozen functie: mutate_trajectories
Gekozen functie: mutate_trajectories
Gekozen functie: mutate_trajectories
Gekozen functie: mutate_trajectories
Gekozen functie: mutate_trajectories
Gekozen functie: mutate_trajectories
Gekozen functie: mutate_trajectories
Gekozen functie: mutate_trajectories
Gekozen functie: mutate_trajectories
Gekozen functie: mutate_trajectories
Gekozen functie: mutate_trajectories
Gekozen functie: mutate_trajectories
Gekozen functie: mutate_trajectories
Gekozen functie: mutate_trajectories
Gekozen functie: mutate_trajectories
Gekozen functie: mutate_trajectories
Gekozen functie: mutate_trajectories
Gekozen functie: mutate_trajectories
Gekozen functie: mutate_trajectories
Gekozen functie: mutate_trajectories
Gekozen functie: mutate_trajectories
Gekozen functie: mutate_trajectories
Gekozen functie: mutate_trajectories
Gekozen functie: mutate_trajectories
Gekozen functie: mutate_trajectories
Gekozen functie: mutate_trajectories
Gekozen functie: mutate_trajectories
Gekozen functie: mutate_trajectories
Gekozen functie: mutate_trajectories
Gekozen functie: mutate_trajectories
Gekozen functie: mutate_trajectories
Gekozen functie: mutate_trajectories
Gekozen functie: mutate_trajectories
Gekozen functie: mutate_trajectories
Gekozen functie: mutate_trajectories
Gekozen functie: mutate_trajectories
Gekozen functie: mutate_trajectories
Gekozen functie: mutate_trajectories
Gekozen functie: mutate_trajectories
Gekozen functie: mutate_trajectories
Gekozen functie: mutate_trajectories
Gekozen functie: mutate_trajectories
Gekozen functie: mutate_trajectories
Gekozen functie: mutate_trajectories
Gekozen functie: mutate_trajectories
Gekozen functie: mutate_trajectories
Gekozen functie: mutate_trajectories
Gekozen functie: mutate_trajectories
Gekozen functie: mutate_trajectories
Gekozen functie: mutate_trajectories
Gekozen functie: mutate_trajectories
Gekozen functie: mutate_trajectories
Gekozen functie: mutate_trajectories
Gekozen functie: mutate_trajectories
Gekozen functie: mutate_trajectories
Gekozen functie: mutate_trajectories
Gekozen functie: mutate_trajectories
Gekozen functie: mutate_trajectories
Gekozen functie: mutate_trajectories
Gekozen functie: mutate_trajectories
Gekozen functie: mutate_trajectories
Gekozen functie: mutate_trajectories
Gekozen functie: mutate_trajectories
Gekozen functie: mutate_trajectories
Gekozen functie: mutate_trajectories
Gekozen functie: mutate_trajectories
Gekozen functie: mutate_trajectories
Gekozen functie: mutate_trajectories
Gekozen functie: mutate_trajectories
Gekozen functie: mutate_trajectories
Gekozen functie: mutate_trajectories
Gekozen functie: mutate_trajectories
Gekozen functie: mutate_trajectories
Gekozen functie: mutate_trajectories
Gekozen functie: mutate_trajectories
Gekozen functie: mutate_trajectories
Gekozen functie: mutate_trajectories
Gekozen functie: mutate_trajectories
Gekozen functie: mutate_trajectories
Gekozen functie: mutate_trajectories
Gekozen functie: mutate_trajectories
Gekozen functie: mutate_trajectories
Gekozen functie: mutate_trajectories
Gekozen functie: mutate_trajectories
Gekozen functie: mutate_trajectories
Gekozen functie: mutate_trajectories
Gekozen functie: mutate_trajectories
Gekozen functie: mutate_trajectories
Gekozen functie: mutate_trajectories
Gekozen functie: mutate_trajectories
Gekozen functie: mutate_trajectories
Gekozen functie: mutate_trajectories
Gekozen functie: mutate_trajectories
Gekozen functie: mutate_trajectories
Gekozen functie: mutate_trajectories
Gekozen functie: mutate_trajectories
Gekozen functie: mutate_trajectories
Gekozen functie: mutate_trajectories
Gekozen functie: mutate_trajectories
Gekozen functie: mutate_trajectories
Gekozen functie: mutate_trajectories
Gekozen functie: mutate_trajectories
Gekozen functie: mutate_trajectories
Gekozen functie: mutate_trajectories
Gekozen functie: mutate_trajectories
Gekozen functie: mutate_trajectories
Gekozen functie: mutate_trajectories
Gekozen functie: mutate_trajectories
Gekozen functie: mutate_trajectories
Gekozen functie: mutate_trajectories
Gekozen functie: mutate_trajectories
Gekozen functie: mutate_trajectories
Gekozen functie: mutate_trajectories
Gekozen functie: mutate_trajectories
Gekozen functie: mutate_trajectories
Gekozen functie: mutate_trajectories
Gekozen functie: mutate_trajectories
Gekozen functie: mutate_trajectories
Gekozen functie: mutate_trajectories
Gekozen functie: mutate_trajectories
Gekozen functie: mutate_trajectories
Gekozen functie: mutate_trajectories
Gekozen functie: mutate_trajectories
Gekozen functie: mutate_trajectories
Gekozen functie: mutate_trajectories
Gekozen functie: mutate_trajectories
Gekozen functie: mutate_trajectories
Gekozen functie: mutate_trajectories
Gekozen functie: mutate_trajectories
Gekozen functie: mutate_trajectories
Gekozen functie: mutate_trajectories
Gekozen functie: mutate_trajectories
Gekozen functie: mutate_trajectories
Gekozen functie: mutate_trajectories
Gekozen functie: mutate_trajectories
Gekozen functie: mutate_trajectories
Gekozen functie: mutate_trajectories
Gekozen functie: mutate_trajectories
Gekozen functie: mutate_trajectories
Gekozen functie: mutate_trajectories
Gekozen functie: mutate_trajectories
Gekozen functie: mutate_trajectories
Gekozen functie: mutate_trajectories
Gekozen functie: mutate_trajectories
Gekozen functie: mutate_trajectories
Gekozen functie: mutate_trajectories
Gekozen functie: mutate_trajectories
Gekozen functie: mutate_trajectories
Gekozen functie: mutate_trajectories
Gekozen functie: mutate_trajectories
Gekozen functie: mutate_trajectories
Gekozen functie: mutate_trajectories
Gekozen functie: mutate_trajectories
Gekozen functie: mutate_trajectories
Gekozen functie: mutate_trajectories
Gekozen functie: mutate_trajectories
Gekozen functie: mutate_trajectories
Gekozen functie: mutate_trajectories
Gekozen functie: mutate_trajectories
Gekozen functie: mutate_trajectories
Gekozen functie: mutate_trajectories
Gekozen functie: mutate_trajectories
Gekozen functie: mutate_trajectories
Gekozen functie: mutate_trajectories
Gekozen functie: mutate_trajectories
Gekozen functie: mutate_trajectories
Gekozen functie: mutate_trajectories
Gekozen functie: mutate_trajectories
Gekozen functie: mutate_trajectories
Gekozen functie: mutate_trajectories
Gekozen functie: mutate_trajectories
Gekozen functie: mutate_trajectories
Gekozen functie: mutate_trajectories
Gekozen functie: mutate_trajectories
Gekozen functie: mutate_trajectories
Gekozen functie: mutate_trajectories
Gekozen functie: mutate_trajectories
Gekozen functie: mutate_trajectories
Gekozen functie: mutate_trajectories
Gekozen functie: mutate_trajectories
Gekozen functie: mutate_trajectories
Gekozen functie: mutate_trajectories
Gekozen functie: mutate_trajectories
Gekozen functie: mutate_trajectories
Gekozen functie: mutate_trajectories
Gekozen functie: mutate_trajectories
Gekozen functie: mutate_trajectories
Gekozen functie: mutate_trajectories
Gekozen functie: mutate_trajectories
Gekozen functie: mutate_trajectories
Gekozen functie: mutate_trajectories
Gekozen functie: mutate_trajectories
Gekozen functie: mutate_trajectories
Gekozen functie: mutate_trajectories
Gekozen functie: mutate_trajectories
Gekozen functie: mutate_trajectories
Gekozen functie: mutate_trajectories
Gekozen functie: mutate_trajectories
Gekozen functie: mutate_trajectories
Gekozen functie: mutate_trajectories
Gekozen functie: mutate_trajectories
Gekozen functie: mutate_trajectories
Gekozen functie: mutate_trajectories
Gekozen functie: mutate_trajectories
Gekozen functie: mutate_trajectories
Gekozen functie: mutate_trajectories
Gekozen functie: mutate_trajectories
Gekozen functie: mutate_trajectories
Gekozen functie: mutate_trajectories
Gekozen functie: mutate_trajectories
Gekozen functie: mutate_trajectories
Gekozen functie: mutate_trajectories
Gekozen functie: mutate_trajectories
Gekozen functie: mutate_trajectories
Gekozen functie: mutate_trajectories
Gekozen functie: mutate_trajectories
Gekozen functie: mutate_trajectories
Gekozen functie: mutate_trajectories
Gekozen functie: mutate_trajectories
Gekozen functie: mutate_trajectories
Gekozen functie: mutate_trajectories
Gekozen functie: mutate_trajectories
Gekozen functie: mutate_trajectories
Gekozen functie: mutate_trajectories
Gekozen functie: mutate_trajectories
Gekozen functie: mutate_trajectories
Gekozen functie: mutate_trajectories
Gekozen functie: mutate_trajectories
Gekozen functie: mutate_trajectories
Gekozen functie: mutate_trajectories
Gekozen functie: mutate_trajectories
Gekozen functie: mutate_trajectories
Gekozen functie: mutate_trajectories
Gekozen functie: mutate_trajectories
Gekozen functie: mutate_trajectories
Gekozen functie: mutate_trajectories
Gekozen functie: mutate_trajectories
Gekozen functie: mutate_trajectories
Gekozen functie: mutate_trajectories
Gekozen functie: mutate_trajectories
Gekozen functie: mutate_trajectories
Gekozen functie: mutate_trajectories
Gekozen functie: mutate_trajectories
Gekozen functie: mutate_trajectories
Gekozen functie: mutate_trajectories
Gekozen functie: mutate_trajectories
Gekozen functie: mutate_trajectories
Gekozen functie: mutate_trajectories
Gekozen functie: mutate_trajectories
Gekozen functie: mutate_trajectories
Gekozen functie: mutate_trajectories
Gekozen functie: mutate_trajectories
Gekozen functie: mutate_trajectories
Gekozen functie: mutate_trajectories
Gekozen functie: mutate_trajectories
Gekozen functie: mutate_trajectories
Gekozen functie: mutate_trajectories
Gekozen functie: mutate_trajectories
Gekozen functie: mutate_trajectories
Gekozen functie: mutate_trajectories
Gekozen functie: mutate_trajectories
Gekozen functie: mutate_trajectories
Gekozen functie: mutate_trajectories
Gekozen functie: mutate_trajectories
Gekozen functie: mutate_trajectories
Gekozen functie: mutate_trajectories
Gekozen functie: mutate_trajectories
Gekozen functie: mutate_trajectories
Gekozen functie: mutate_trajectories
Gekozen functie: mutate_trajectories
Gekozen functie: mutate_trajectories
Gekozen functie: mutate_trajectories
Gekozen functie: mutate_trajectories
Gekozen functie: mutate_trajectories
Gekozen functie: mutate_trajectories
Gekozen functie: mutate_trajectories
Gekozen functie: mutate_trajectories
Gekozen functie: mutate_trajectories
Gekozen functie: mutate_trajectories
Gekozen functie: mutate_trajectories
Gekozen functie: mutate_trajectories
Gekozen functie: mutate_trajectories
Gekozen functie: mutate_trajectories
Gekozen functie: mutate_trajectories
Gekozen functie: mutate_trajectories
Gekozen functie: mutate_trajectories
Gekozen functie: mutate_trajectories
Gekozen functie: mutate_trajectories
Gekozen functie: mutate_trajectories
Gekozen functie: mutate_trajectories
Gekozen functie: mutate_trajectories
Gekozen functie: mutate_trajectories
Gekozen functie: mutate_trajectories
Gekozen functie: mutate_trajectories
Gekozen functie: mutate_trajectories
Gekozen functie: mutate_trajectories
Gekozen functie: mutate_trajectories
Gekozen functie: mutate_trajectories
Gekozen functie: mutate_trajectories
Gekozen functie: mutate_trajectories
Gekozen functie: mutate_trajectories
Gekozen functie: mutate_trajectories
Gekozen functie: mutate_trajectories
Gekozen functie: mutate_trajectories
Gekozen functie: mutate_trajectories
Gekozen functie: mutate_trajectories
Gekozen functie: mutate_trajectories
Gekozen functie: mutate_trajectories
Gekozen functie: mutate_trajectories
Gekozen functie: mutate_trajectories
Gekozen functie: mutate_trajectories
Gekozen functie: mutate_trajectories
Gekozen functie: mutate_trajectories
Gekozen functie: mutate_trajectories
Gekozen functie: mutate_trajectories
