"Gekozen functie: delete_last_connection, 2303.4494382022467"
Gekozen functie: separate_traject
"Gekozen functie: mutate_trajectories, 2583.4494382022467"
"Gekozen functie: delete_last_connection, 2607.4494382022467"
"Gekozen functie: delete_last_connection, 2631.4494382022467"
Gekozen functie: delete_last_connection
Gekozen functie: separate_traject
Gekozen functie: separate_traject
"Gekozen functie: delete_last_connection, 2642.4494382022467"
Gekozen functie: mutate_trajectories
"Gekozen functie: mutate_trajectories, 2793.089887640449"
"Gekozen functie: change_start_station, 2803.089887640449"
"Gekozen functie: delete_last_connection, 2839.089887640449"
Gekozen functie: change_start_station
"Gekozen functie: change_start_station, 2860.089887640449"
Gekozen functie: delete_last_connection
"Gekozen functie: change_start_station, 2902.089887640449"
Gekozen functie: mutate_trajectories
"Gekozen functie: change_start_station, 2918.089887640449"
Gekozen functie: separate_traject
"Gekozen functie: mutate_trajectories, 2968.3707865168544"
"Gekozen functie: delete_last_connection, 2978.3707865168544"
"Gekozen functie: delete_last_connection, 3002.3707865168544"
Gekozen functie: separate_traject
"Gekozen functie: delete_last_connection, 3014.3707865168544"
"Gekozen functie: mutate_trajectories, 3028.651685393258"
Gekozen functie: separate_traject
"Gekozen functie: change_start_station, 3038.651685393258"
"Gekozen functie: separate_traject, 3224.089887640449"
"Gekozen functie: delete_last_connection, 3240.089887640449"
"Gekozen functie: delete_last_connection, 3276.089887640449"
"Gekozen functie: delete_last_connection, 3293.089887640449"
Gekozen functie: separate_traject
"Gekozen functie: mutate_trajectories, 3335.3707865168544"
Gekozen functie: mutate_trajectories
Gekozen functie: change_start_station
"Gekozen functie: mutate_trajectories, 3361.651685393258"
"Gekozen functie: separate_traject, 3438.730337078652"
Gekozen functie: separate_traject
Gekozen functie: separate_traject
"Gekozen functie: delete_last_connection, 3458.730337078652"
"Gekozen functie: change_start_station, 3482.730337078652"
Gekozen functie: separate_traject
"Gekozen functie: mutate_trajectories, 3626.3707865168544"
"Gekozen functie: change_start_station, 3640.3707865168544"
"Gekozen functie: mutate_trajectories, 3807.011235955056"
Gekozen functie: delete_last_connection
Gekozen functie: mutate_trajectories
"Gekozen functie: change_start_station, 3823.011235955056"
Gekozen functie: mutate_trajectories
Gekozen functie: change_start_station
Gekozen functie: delete_last_connection
Gekozen functie: delete_last_connection
"Gekozen functie: change_start_station, 3850.011235955056"
"Gekozen functie: delete_last_connection, 3865.011235955056"
Gekozen functie: delete_last_connection
"Gekozen functie: delete_last_connection, 3885.011235955056"
Gekozen functie: delete_last_connection
Gekozen functie: separate_traject
Gekozen functie: delete_last_connection
"Gekozen functie: separate_traject, 4055.4494382022467"
Gekozen functie: delete_last_connection
"Gekozen functie: delete_last_connection, 4069.4494382022467"
"Gekozen functie: change_start_station, 4081.4494382022467"
Gekozen functie: mutate_trajectories
Gekozen functie: mutate_trajectories
"Gekozen functie: delete_last_connection, 4096.449438202247"
Gekozen functie: mutate_trajectories
Gekozen functie: mutate_trajectories
Gekozen functie: mutate_trajectories
"Gekozen functie: change_start_station, 4103.449438202247"
"Gekozen functie: change_start_station, 4119.449438202247"
Gekozen functie: separate_traject
Gekozen functie: mutate_trajectories
Gekozen functie: delete_last_connection
Gekozen functie: separate_traject
"Gekozen functie: delete_last_connection, 4139.449438202247"
Gekozen functie: delete_last_connection
Gekozen functie: mutate_trajectories
Gekozen functie: mutate_trajectories
Gekozen functie: separate_traject
Gekozen functie: mutate_trajectories
"Gekozen functie: change_start_station, 4146.449438202247"
Gekozen functie: change_start_station
Gekozen functie: separate_traject
Gekozen functie: separate_traject
Gekozen functie: separate_traject
"Gekozen functie: change_start_station, 4156.449438202247"
Gekozen functie: change_start_station
"Gekozen functie: change_start_station, 4171.449438202247"
"Gekozen functie: delete_last_connection, 4206.449438202247"
Gekozen functie: separate_traject
"Gekozen functie: change_start_station, 4213.449438202247"
Gekozen functie: delete_last_connection
Gekozen functie: mutate_trajectories
Gekozen functie: change_start_station
Gekozen functie: delete_last_connection
Gekozen functie: delete_last_connection
Gekozen functie: change_start_station
Gekozen functie: separate_traject
Gekozen functie: mutate_trajectories
Gekozen functie: delete_last_connection
Gekozen functie: delete_last_connection
Gekozen functie: mutate_trajectories
Gekozen functie: mutate_trajectories
"Gekozen functie: separate_traject, 4249.52808988764"
Gekozen functie: separate_traject
"Gekozen functie: change_start_station, 4265.52808988764"
Gekozen functie: separate_traject
Gekozen functie: separate_traject
Gekozen functie: separate_traject
"Gekozen functie: change_start_station, 4301.52808988764"
"Gekozen functie: delete_last_connection, 4312.52808988764"
Gekozen functie: change_start_station
Gekozen functie: mutate_trajectories
Gekozen functie: mutate_trajectories
"Gekozen functie: mutate_trajectories, 4404.168539325843"
Gekozen functie: separate_traject
"Gekozen functie: change_start_station, 4419.168539325843"
Gekozen functie: delete_last_connection
Gekozen functie: separate_traject
"Gekozen functie: change_start_station, 4443.168539325843"
Gekozen functie: separate_traject
"Gekozen functie: mutate_trajectories, 4482.449438202247"
"Gekozen functie: mutate_trajectories, 4529.089887640449"
Gekozen functie: delete_last_connection
Gekozen functie: mutate_trajectories
Gekozen functie: change_start_station
Gekozen functie: change_start_station
"Gekozen functie: change_start_station, 4540.089887640449"
Gekozen functie: mutate_trajectories
Gekozen functie: mutate_trajectories
Gekozen functie: mutate_trajectories
Gekozen functie: separate_traject
"Gekozen functie: separate_traject, 4588.168539325843"
"Gekozen functie: delete_last_connection, 4605.168539325843"
"Gekozen functie: change_start_station, 4632.168539325843"
"Gekozen functie: change_start_station, 4646.168539325843"
"Gekozen functie: separate_traject, 4657.247191011236"
"Gekozen functie: delete_last_connection, 4671.247191011236"
Gekozen functie: mutate_trajectories
Gekozen functie: separate_traject
"Gekozen functie: delete_last_connection, 4687.247191011236"
Gekozen functie: delete_last_connection
Gekozen functie: change_start_station
Gekozen functie: separate_traject
Gekozen functie: separate_traject
Gekozen functie: separate_traject
"Gekozen functie: change_start_station, 4696.247191011236"
Gekozen functie: mutate_trajectories
"Gekozen functie: mutate_trajectories, 4870.247191011236"
Gekozen functie: separate_traject
Gekozen functie: change_start_station
Gekozen functie: separate_traject
Gekozen functie: delete_last_connection
"Gekozen functie: delete_last_connection, 4894.247191011236"
Gekozen functie: separate_traject
Gekozen functie: change_start_station
Gekozen functie: delete_last_connection
Gekozen functie: change_start_station
Gekozen functie: mutate_trajectories
Gekozen functie: separate_traject
Gekozen functie: delete_last_connection
Gekozen functie: mutate_trajectories
Gekozen functie: separate_traject
Gekozen functie: separate_traject
"Gekozen functie: change_start_station, 4911.247191011236"
Gekozen functie: mutate_trajectories
Gekozen functie: mutate_trajectories
Gekozen functie: separate_traject
Gekozen functie: mutate_trajectories
Gekozen functie: separate_traject
"Gekozen functie: delete_last_connection, 4921.247191011236"
"Gekozen functie: change_start_station, 4935.247191011236"
"Gekozen functie: delete_last_connection, 4947.247191011236"
Gekozen functie: change_start_station
Gekozen functie: mutate_trajectories
"Gekozen functie: delete_last_connection, 4967.247191011236"
Gekozen functie: separate_traject
"Gekozen functie: mutate_trajectories, 5093.887640449438"
Gekozen functie: separate_traject
Gekozen functie: change_start_station
Gekozen functie: change_start_station
Gekozen functie: mutate_trajectories
"Gekozen functie: delete_last_connection, 5117.887640449438"
Gekozen functie: change_start_station
Gekozen functie: separate_traject
"Gekozen functie: delete_last_connection, 5137.887640449438"
Gekozen functie: mutate_trajectories
Gekozen functie: change_start_station
"Gekozen functie: change_start_station, 5142.887640449438"
"Gekozen functie: separate_traject, 5277.3258426966295"
Gekozen functie: change_start_station
Gekozen functie: separate_traject
Gekozen functie: separate_traject
Gekozen functie: change_start_station
Gekozen functie: separate_traject
Gekozen functie: change_start_station
Gekozen functie: separate_traject
Gekozen functie: mutate_trajectories
Gekozen functie: separate_traject
Gekozen functie: mutate_trajectories
Gekozen functie: separate_traject
Gekozen functie: delete_last_connection
Gekozen functie: separate_traject
"Gekozen functie: change_start_station, 5287.3258426966295"
"Gekozen functie: delete_last_connection, 5308.3258426966295"
Gekozen functie: mutate_trajectories
"Gekozen functie: delete_last_connection, 5325.3258426966295"
Gekozen functie: change_start_station
Gekozen functie: mutate_trajectories
Gekozen functie: mutate_trajectories
Gekozen functie: separate_traject
Gekozen functie: mutate_trajectories
Gekozen functie: mutate_trajectories
"Gekozen functie: delete_last_connection, 5337.3258426966295"
Gekozen functie: mutate_trajectories
Gekozen functie: separate_traject
Gekozen functie: delete_last_connection
Gekozen functie: delete_last_connection
"Gekozen functie: delete_last_connection, 5361.3258426966295"
Gekozen functie: separate_traject
Gekozen functie: change_start_station
"Gekozen functie: delete_last_connection, 5377.3258426966295"
Gekozen functie: mutate_trajectories
Gekozen functie: change_start_station
Gekozen functie: separate_traject
Gekozen functie: change_start_station
Gekozen functie: delete_last_connection
Gekozen functie: separate_traject
"Gekozen functie: change_start_station, 5392.3258426966295"
Gekozen functie: mutate_trajectories
Gekozen functie: mutate_trajectories
Gekozen functie: change_start_station
Gekozen functie: separate_traject
Gekozen functie: change_start_station
Gekozen functie: separate_traject
Gekozen functie: separate_traject
Gekozen functie: delete_last_connection
"Gekozen functie: separate_traject, 5441.404494382023"
Gekozen functie: separate_traject
Gekozen functie: delete_last_connection
"Gekozen functie: delete_last_connection, 5449.404494382023"
"Gekozen functie: delete_last_connection, 5457.404494382023"
Gekozen functie: separate_traject
Gekozen functie: change_start_station
Gekozen functie: mutate_trajectories
Gekozen functie: delete_last_connection
Gekozen functie: change_start_station
Gekozen functie: separate_traject
Gekozen functie: delete_last_connection
Gekozen functie: separate_traject
Gekozen functie: change_start_station
Gekozen functie: change_start_station
Gekozen functie: separate_traject
Gekozen functie: mutate_trajectories
Gekozen functie: mutate_trajectories
Gekozen functie: delete_last_connection
Gekozen functie: mutate_trajectories
Gekozen functie: delete_last_connection
"Gekozen functie: change_start_station, 5465.404494382023"
Gekozen functie: delete_last_connection
"Gekozen functie: change_start_station, 5473.404494382023"
Gekozen functie: separate_traject
Gekozen functie: separate_traject
Gekozen functie: separate_traject
Gekozen functie: change_start_station
Gekozen functie: separate_traject
Gekozen functie: delete_last_connection
Gekozen functie: mutate_trajectories
"Gekozen functie: delete_last_connection, 5501.404494382023"
Gekozen functie: mutate_trajectories
Gekozen functie: separate_traject
Gekozen functie: separate_traject
Gekozen functie: separate_traject
"Gekozen functie: delete_last_connection, 5516.404494382023"
Gekozen functie: separate_traject
Gekozen functie: change_start_station
Gekozen functie: mutate_trajectories
Gekozen functie: mutate_trajectories
Gekozen functie: change_start_station
"Gekozen functie: change_start_station, 5528.404494382023"
Gekozen functie: change_start_station
Gekozen functie: mutate_trajectories
"Gekozen functie: delete_last_connection, 5538.404494382023"
Gekozen functie: mutate_trajectories
Gekozen functie: change_start_station
Gekozen functie: mutate_trajectories
Gekozen functie: separate_traject
Gekozen functie: change_start_station
Gekozen functie: mutate_trajectories
Gekozen functie: change_start_station
Gekozen functie: delete_last_connection
Gekozen functie: change_start_station
Gekozen functie: change_start_station
Gekozen functie: mutate_trajectories
"Gekozen functie: change_start_station, 5546.404494382023"
"Gekozen functie: delete_last_connection, 5564.404494382023"
"Gekozen functie: delete_last_connection, 5591.404494382023"
Gekozen functie: mutate_trajectories
Gekozen functie: delete_last_connection
Gekozen functie: mutate_trajectories
Gekozen functie: separate_traject
Gekozen functie: change_start_station
Gekozen functie: mutate_trajectories
Gekozen functie: mutate_trajectories
Gekozen functie: delete_last_connection
Gekozen functie: mutate_trajectories
Gekozen functie: separate_traject
Gekozen functie: separate_traject
Gekozen functie: separate_traject
Gekozen functie: change_start_station
Gekozen functie: delete_last_connection
Gekozen functie: mutate_trajectories
"Gekozen functie: delete_last_connection, 5610.404494382023"
Gekozen functie: separate_traject
Gekozen functie: separate_traject
Gekozen functie: change_start_station
Gekozen functie: separate_traject
Gekozen functie: separate_traject
"Gekozen functie: change_start_station, 5620.404494382023"
Gekozen functie: mutate_trajectories
Gekozen functie: change_start_station
Gekozen functie: change_start_station
Gekozen functie: separate_traject
"Gekozen functie: change_start_station, 5639.404494382023"
Gekozen functie: change_start_station
Gekozen functie: separate_traject
Gekozen functie: mutate_trajectories
Gekozen functie: separate_traject
Gekozen functie: delete_last_connection
Gekozen functie: mutate_trajectories
Gekozen functie: separate_traject
Gekozen functie: mutate_trajectories
Gekozen functie: separate_traject
Gekozen functie: delete_last_connection
Gekozen functie: delete_last_connection
Gekozen functie: separate_traject
Gekozen functie: separate_traject
Gekozen functie: mutate_trajectories
Gekozen functie: change_start_station
Gekozen functie: separate_traject
Gekozen functie: delete_last_connection
Gekozen functie: mutate_trajectories
"Gekozen functie: delete_last_connection, 5657.404494382023"
Gekozen functie: mutate_trajectories
"Gekozen functie: change_start_station, 5672.404494382023"
Gekozen functie: delete_last_connection
Gekozen functie: separate_traject
Gekozen functie: change_start_station
"Gekozen functie: change_start_station, 5685.404494382023"
Gekozen functie: mutate_trajectories
Gekozen functie: delete_last_connection
Gekozen functie: change_start_station
"Gekozen functie: delete_last_connection, 5693.404494382023"
Gekozen functie: separate_traject
"Gekozen functie: change_start_station, 5712.404494382023"
Gekozen functie: delete_last_connection
Gekozen functie: mutate_trajectories
Gekozen functie: separate_traject
Gekozen functie: mutate_trajectories
Gekozen functie: change_start_station
Gekozen functie: change_start_station
"Gekozen functie: delete_last_connection, 5722.404494382023"
Gekozen functie: change_start_station
Gekozen functie: delete_last_connection
Gekozen functie: separate_traject
Gekozen functie: mutate_trajectories
Gekozen functie: delete_last_connection
Gekozen functie: change_start_station
Gekozen functie: change_start_station
Gekozen functie: separate_traject
Gekozen functie: delete_last_connection
Gekozen functie: mutate_trajectories
Gekozen functie: separate_traject
Gekozen functie: separate_traject
Gekozen functie: delete_last_connection
Gekozen functie: mutate_trajectories
Gekozen functie: mutate_trajectories
Gekozen functie: change_start_station
Gekozen functie: separate_traject
Gekozen functie: change_start_station
Gekozen functie: delete_last_connection
Gekozen functie: delete_last_connection
Gekozen functie: change_start_station
Gekozen functie: change_start_station
Gekozen functie: separate_traject
Gekozen functie: mutate_trajectories
Gekozen functie: delete_last_connection
Gekozen functie: delete_last_connection
"Gekozen functie: separate_traject, 5861.842696629214"
Gekozen functie: mutate_trajectories
Gekozen functie: separate_traject
Gekozen functie: delete_last_connection
Gekozen functie: mutate_trajectories
Gekozen functie: separate_traject
"Gekozen functie: change_start_station, 5867.842696629214"
Gekozen functie: mutate_trajectories
Gekozen functie: mutate_trajectories
Gekozen functie: mutate_trajectories
"Gekozen functie: mutate_trajectories, 6026.842696629214"
Gekozen functie: separate_traject
Gekozen functie: change_start_station
Gekozen functie: change_start_station
Gekozen functie: separate_traject
Gekozen functie: delete_last_connection
Gekozen functie: change_start_station
Gekozen functie: separate_traject
Gekozen functie: mutate_trajectories
Gekozen functie: delete_last_connection
Gekozen functie: delete_last_connection
Gekozen functie: delete_last_connection
Gekozen functie: delete_last_connection
Gekozen functie: change_start_station
"Gekozen functie: delete_last_connection, 6035.842696629214"
Gekozen functie: change_start_station
Gekozen functie: mutate_trajectories
Gekozen functie: change_start_station
Gekozen functie: separate_traject
Gekozen functie: separate_traject
Gekozen functie: change_start_station
Gekozen functie: delete_last_connection
Gekozen functie: mutate_trajectories
Gekozen functie: delete_last_connection
Gekozen functie: delete_last_connection
Gekozen functie: change_start_station
Gekozen functie: delete_last_connection
Gekozen functie: change_start_station
Gekozen functie: delete_last_connection
Gekozen functie: delete_last_connection
Gekozen functie: separate_traject
Gekozen functie: change_start_station
Gekozen functie: separate_traject
Gekozen functie: separate_traject
Gekozen functie: mutate_trajectories
Gekozen functie: delete_last_connection
Gekozen functie: mutate_trajectories
Gekozen functie: mutate_trajectories
Gekozen functie: change_start_station
Gekozen functie: delete_last_connection
Gekozen functie: separate_traject
Gekozen functie: delete_last_connection
Gekozen functie: mutate_trajectories
Gekozen functie: change_start_station
Gekozen functie: change_start_station
Gekozen functie: delete_last_connection
Gekozen functie: separate_traject
Gekozen functie: separate_traject
Gekozen functie: change_start_station
Gekozen functie: separate_traject
"Gekozen functie: separate_traject, 6064.921348314607"
Gekozen functie: delete_last_connection
Gekozen functie: change_start_station
Gekozen functie: separate_traject
Gekozen functie: change_start_station
Gekozen functie: separate_traject
Gekozen functie: change_start_station
Gekozen functie: change_start_station
Gekozen functie: separate_traject
Gekozen functie: delete_last_connection
Gekozen functie: separate_traject
Gekozen functie: separate_traject
Gekozen functie: mutate_trajectories
Gekozen functie: mutate_trajectories
Gekozen functie: mutate_trajectories
Gekozen functie: change_start_station
Gekozen functie: change_start_station
Gekozen functie: delete_last_connection
Gekozen functie: mutate_trajectories
Gekozen functie: mutate_trajectories
Gekozen functie: separate_traject
Gekozen functie: change_start_station
Gekozen functie: change_start_station
Gekozen functie: mutate_trajectories
Gekozen functie: mutate_trajectories
Gekozen functie: separate_traject
Gekozen functie: mutate_trajectories
Gekozen functie: change_start_station
Gekozen functie: change_start_station
Gekozen functie: delete_last_connection
Gekozen functie: mutate_trajectories
Gekozen functie: separate_traject
Gekozen functie: change_start_station
Gekozen functie: separate_traject
Gekozen functie: change_start_station
Gekozen functie: separate_traject
Gekozen functie: change_start_station
Gekozen functie: separate_traject
Gekozen functie: change_start_station
Gekozen functie: separate_traject
Gekozen functie: mutate_trajectories
"Gekozen functie: delete_last_connection, 6072.921348314607"
Gekozen functie: mutate_trajectories
Gekozen functie: separate_traject
Gekozen functie: change_start_station
Gekozen functie: change_start_station
Gekozen functie: change_start_station
Gekozen functie: delete_last_connection
Gekozen functie: separate_traject
Gekozen functie: change_start_station
Gekozen functie: mutate_trajectories
Gekozen functie: mutate_trajectories
Gekozen functie: mutate_trajectories
Gekozen functie: mutate_trajectories
Gekozen functie: mutate_trajectories
Gekozen functie: separate_traject
Gekozen functie: separate_traject
Gekozen functie: mutate_trajectories
"Gekozen functie: delete_last_connection, 6078.921348314607"
Gekozen functie: mutate_trajectories
Gekozen functie: separate_traject
Gekozen functie: delete_last_connection
Gekozen functie: change_start_station
Gekozen functie: separate_traject
Gekozen functie: separate_traject
Gekozen functie: separate_traject
Gekozen functie: separate_traject
Gekozen functie: delete_last_connection
Gekozen functie: change_start_station
Gekozen functie: delete_last_connection
Gekozen functie: mutate_trajectories
Gekozen functie: change_start_station
Gekozen functie: delete_last_connection
Gekozen functie: delete_last_connection
Gekozen functie: separate_traject
Gekozen functie: separate_traject
"Gekozen functie: change_start_station, 6089.921348314607"
"Gekozen functie: change_start_station, 6097.921348314607"
Gekozen functie: change_start_station
Gekozen functie: separate_traject
Gekozen functie: separate_traject
Gekozen functie: mutate_trajectories
Gekozen functie: mutate_trajectories
Gekozen functie: separate_traject
Gekozen functie: mutate_trajectories
Gekozen functie: separate_traject
Gekozen functie: mutate_trajectories
Gekozen functie: delete_last_connection
Gekozen functie: separate_traject
"Gekozen functie: change_start_station, 6113.921348314607"
Gekozen functie: mutate_trajectories
Gekozen functie: delete_last_connection
Gekozen functie: change_start_station
"Gekozen functie: delete_last_connection, 6119.921348314607"
Gekozen functie: separate_traject
Gekozen functie: change_start_station
"Gekozen functie: change_start_station, 6125.921348314607"
Gekozen functie: delete_last_connection
Gekozen functie: separate_traject
Gekozen functie: change_start_station
Gekozen functie: separate_traject
Gekozen functie: mutate_trajectories
Gekozen functie: separate_traject
Gekozen functie: change_start_station
Gekozen functie: separate_traject
Gekozen functie: delete_last_connection
Gekozen functie: delete_last_connection
Gekozen functie: mutate_trajectories
Gekozen functie: change_start_station
Gekozen functie: separate_traject
Gekozen functie: delete_last_connection
Gekozen functie: mutate_trajectories
Gekozen functie: change_start_station
Gekozen functie: delete_last_connection
Gekozen functie: delete_last_connection
Gekozen functie: mutate_trajectories
"Gekozen functie: change_start_station, 6152.921348314607"
Gekozen functie: separate_traject
Gekozen functie: change_start_station
Gekozen functie: delete_last_connection
Gekozen functie: change_start_station
Gekozen functie: mutate_trajectories
Gekozen functie: mutate_trajectories
Gekozen functie: separate_traject
Gekozen functie: separate_traject
Gekozen functie: mutate_trajectories
Gekozen functie: mutate_trajectories
Gekozen functie: separate_traject
Gekozen functie: separate_traject
"Gekozen functie: change_start_station, 6179.921348314607"
"Gekozen functie: delete_last_connection, 6185.921348314607"
Gekozen functie: change_start_station
Gekozen functie: change_start_station
Gekozen functie: delete_last_connection
Gekozen functie: mutate_trajectories
Gekozen functie: separate_traject
Gekozen functie: change_start_station
Gekozen functie: mutate_trajectories
Gekozen functie: change_start_station
Gekozen functie: change_start_station
Gekozen functie: change_start_station
Gekozen functie: separate_traject
Gekozen functie: separate_traject
Gekozen functie: mutate_trajectories
Gekozen functie: delete_last_connection
"Gekozen functie: delete_last_connection, 6215.921348314607"
Gekozen functie: separate_traject
Gekozen functie: mutate_trajectories
Gekozen functie: mutate_trajectories
Gekozen functie: change_start_station
Gekozen functie: change_start_station
Gekozen functie: mutate_trajectories
Gekozen functie: change_start_station
Gekozen functie: mutate_trajectories
Gekozen functie: separate_traject
Gekozen functie: separate_traject
Gekozen functie: separate_traject
Gekozen functie: mutate_trajectories
Gekozen functie: delete_last_connection
Gekozen functie: separate_traject
Gekozen functie: delete_last_connection
Gekozen functie: mutate_trajectories
Gekozen functie: change_start_station
Gekozen functie: delete_last_connection
Gekozen functie: delete_last_connection
Gekozen functie: change_start_station
Gekozen functie: change_start_station
Gekozen functie: change_start_station
Gekozen functie: change_start_station
Gekozen functie: delete_last_connection
Gekozen functie: mutate_trajectories
Gekozen functie: mutate_trajectories
Gekozen functie: change_start_station
Gekozen functie: mutate_trajectories
Gekozen functie: delete_last_connection
Gekozen functie: mutate_trajectories
Gekozen functie: separate_traject
Gekozen functie: mutate_trajectories
Gekozen functie: mutate_trajectories
Gekozen functie: change_start_station
Gekozen functie: delete_last_connection
Gekozen functie: mutate_trajectories
Gekozen functie: mutate_trajectories
Gekozen functie: change_start_station
Gekozen functie: change_start_station
Gekozen functie: change_start_station
Gekozen functie: delete_last_connection
Gekozen functie: mutate_trajectories
Gekozen functie: mutate_trajectories
Gekozen functie: change_start_station
Gekozen functie: delete_last_connection
Gekozen functie: separate_traject
Gekozen functie: change_start_station
Gekozen functie: change_start_station
Gekozen functie: mutate_trajectories
Gekozen functie: separate_traject
Gekozen functie: separate_traject
Gekozen functie: change_start_station
Gekozen functie: change_start_station
Gekozen functie: delete_last_connection
Gekozen functie: change_start_station
Gekozen functie: change_start_station
Gekozen functie: mutate_trajectories
Gekozen functie: delete_last_connection
Gekozen functie: change_start_station
Gekozen functie: change_start_station
"Gekozen functie: delete_last_connection, 6221.921348314607"
Gekozen functie: separate_traject
Gekozen functie: separate_traject
Gekozen functie: mutate_trajectories
Gekozen functie: mutate_trajectories
Gekozen functie: separate_traject
Gekozen functie: mutate_trajectories
Gekozen functie: change_start_station
Gekozen functie: delete_last_connection
Gekozen functie: mutate_trajectories
Gekozen functie: mutate_trajectories
Gekozen functie: mutate_trajectories
Gekozen functie: separate_traject
Gekozen functie: mutate_trajectories
Gekozen functie: mutate_trajectories
"Gekozen functie: delete_last_connection, 6229.921348314607"
Gekozen functie: change_start_station
Gekozen functie: change_start_station
Gekozen functie: separate_traject
Gekozen functie: separate_traject
Gekozen functie: separate_traject
Gekozen functie: delete_last_connection
Gekozen functie: change_start_station
Gekozen functie: delete_last_connection
Gekozen functie: mutate_trajectories
Gekozen functie: mutate_trajectories
Gekozen functie: mutate_trajectories
Gekozen functie: separate_traject
Gekozen functie: delete_last_connection
Gekozen functie: mutate_trajectories
Gekozen functie: change_start_station
Gekozen functie: delete_last_connection
Gekozen functie: separate_traject
Gekozen functie: change_start_station
Gekozen functie: separate_traject
Gekozen functie: mutate_trajectories
Gekozen functie: mutate_trajectories
Gekozen functie: delete_last_connection
Gekozen functie: change_start_station
Gekozen functie: mutate_trajectories
Gekozen functie: separate_traject
"Gekozen functie: delete_last_connection, 6239.921348314607"
Gekozen functie: separate_traject
Gekozen functie: mutate_trajectories
Gekozen functie: mutate_trajectories
Gekozen functie: separate_traject
Gekozen functie: separate_traject
Gekozen functie: delete_last_connection
Gekozen functie: separate_traject
Gekozen functie: mutate_trajectories
Gekozen functie: change_start_station
Gekozen functie: change_start_station
Gekozen functie: mutate_trajectories
Gekozen functie: change_start_station
Gekozen functie: change_start_station
Gekozen functie: separate_traject
Gekozen functie: separate_traject
Gekozen functie: mutate_trajectories
Gekozen functie: separate_traject
Gekozen functie: separate_traject
Gekozen functie: separate_traject
Gekozen functie: mutate_trajectories
Gekozen functie: change_start_station
"Gekozen functie: delete_last_connection, 6245.921348314607"
Gekozen functie: change_start_station
Gekozen functie: separate_traject
Gekozen functie: separate_traject
Gekozen functie: change_start_station
Gekozen functie: change_start_station
Gekozen functie: change_start_station
Gekozen functie: change_start_station
Gekozen functie: change_start_station
Gekozen functie: change_start_station
Gekozen functie: mutate_trajectories
Gekozen functie: mutate_trajectories
Gekozen functie: change_start_station
Gekozen functie: mutate_trajectories
Gekozen functie: mutate_trajectories
Gekozen functie: mutate_trajectories
Gekozen functie: mutate_trajectories
Gekozen functie: mutate_trajectories
Gekozen functie: change_start_station
Gekozen functie: separate_traject
Gekozen functie: separate_traject
Gekozen functie: separate_traject
Gekozen functie: change_start_station
Gekozen functie: delete_last_connection
Gekozen functie: delete_last_connection
"Gekozen functie: delete_last_connection, 6251.921348314607"
Gekozen functie: delete_last_connection
Gekozen functie: separate_traject
Gekozen functie: change_start_station
Gekozen functie: delete_last_connection
Gekozen functie: mutate_trajectories
Gekozen functie: mutate_trajectories
Gekozen functie: change_start_station
Gekozen functie: delete_last_connection
Gekozen functie: change_start_station
Gekozen functie: separate_traject
Gekozen functie: separate_traject
Gekozen functie: delete_last_connection
Gekozen functie: delete_last_connection
Gekozen functie: separate_traject
Gekozen functie: separate_traject
Gekozen functie: delete_last_connection
Gekozen functie: delete_last_connection
Gekozen functie: delete_last_connection
Gekozen functie: change_start_station
Gekozen functie: mutate_trajectories
Gekozen functie: mutate_trajectories
Gekozen functie: change_start_station
Gekozen functie: delete_last_connection
Gekozen functie: separate_traject
Gekozen functie: change_start_station
Gekozen functie: change_start_station
Gekozen functie: separate_traject
Gekozen functie: mutate_trajectories
Gekozen functie: separate_traject
Gekozen functie: mutate_trajectories
Gekozen functie: separate_traject
Gekozen functie: separate_traject
Gekozen functie: change_start_station
Gekozen functie: change_start_station
Gekozen functie: change_start_station
Gekozen functie: separate_traject
Gekozen functie: mutate_trajectories
Gekozen functie: separate_traject
Gekozen functie: mutate_trajectories
Gekozen functie: separate_traject
Gekozen functie: separate_traject
Gekozen functie: delete_last_connection
Gekozen functie: change_start_station
Gekozen functie: mutate_trajectories
Gekozen functie: change_start_station
Gekozen functie: change_start_station
Gekozen functie: separate_traject
Gekozen functie: delete_last_connection
Gekozen functie: mutate_trajectories
Gekozen functie: separate_traject
Gekozen functie: mutate_trajectories
Gekozen functie: separate_traject
Gekozen functie: mutate_trajectories
Gekozen functie: change_start_station
Gekozen functie: delete_last_connection
Gekozen functie: separate_traject
Gekozen functie: separate_traject
Gekozen functie: mutate_trajectories
Gekozen functie: mutate_trajectories
Gekozen functie: mutate_trajectories
Gekozen functie: mutate_trajectories
Gekozen functie: separate_traject
Gekozen functie: change_start_station
Gekozen functie: delete_last_connection
Gekozen functie: delete_last_connection
Gekozen functie: mutate_trajectories
Gekozen functie: separate_traject
Gekozen functie: separate_traject
Gekozen functie: change_start_station
Gekozen functie: separate_traject
Gekozen functie: separate_traject
Gekozen functie: change_start_station
Gekozen functie: mutate_trajectories
Gekozen functie: delete_last_connection
Gekozen functie: mutate_trajectories
Gekozen functie: delete_last_connection
Gekozen functie: change_start_station
Gekozen functie: delete_last_connection
Gekozen functie: mutate_trajectories
Gekozen functie: separate_traject
Gekozen functie: mutate_trajectories
Gekozen functie: delete_last_connection
Gekozen functie: change_start_station
Gekozen functie: separate_traject
Gekozen functie: delete_last_connection
Gekozen functie: change_start_station
Gekozen functie: delete_last_connection
Gekozen functie: separate_traject
Gekozen functie: delete_last_connection
Gekozen functie: mutate_trajectories
Gekozen functie: mutate_trajectories
Gekozen functie: separate_traject
Gekozen functie: delete_last_connection
Gekozen functie: separate_traject
Gekozen functie: delete_last_connection
Gekozen functie: separate_traject
Gekozen functie: delete_last_connection
Gekozen functie: delete_last_connection
Gekozen functie: mutate_trajectories
Gekozen functie: mutate_trajectories
Gekozen functie: separate_traject
Gekozen functie: change_start_station
Gekozen functie: separate_traject
Gekozen functie: delete_last_connection
Gekozen functie: mutate_trajectories
Gekozen functie: delete_last_connection
Gekozen functie: change_start_station
Gekozen functie: mutate_trajectories
Gekozen functie: change_start_station
Gekozen functie: change_start_station
Gekozen functie: mutate_trajectories
Gekozen functie: change_start_station
Gekozen functie: change_start_station
Gekozen functie: change_start_station
Gekozen functie: delete_last_connection
Gekozen functie: delete_last_connection
Gekozen functie: change_start_station
Gekozen functie: mutate_trajectories
Gekozen functie: separate_traject
Gekozen functie: delete_last_connection
Gekozen functie: separate_traject
Gekozen functie: mutate_trajectories
Gekozen functie: separate_traject
Gekozen functie: mutate_trajectories
Gekozen functie: separate_traject
Gekozen functie: delete_last_connection
Gekozen functie: separate_traject
Gekozen functie: delete_last_connection
Gekozen functie: change_start_station
Gekozen functie: change_start_station
Gekozen functie: change_start_station
Gekozen functie: delete_last_connection
Gekozen functie: separate_traject
Gekozen functie: change_start_station
Gekozen functie: mutate_trajectories
Gekozen functie: delete_last_connection
Gekozen functie: separate_traject
Gekozen functie: change_start_station
Gekozen functie: delete_last_connection
Gekozen functie: delete_last_connection
Gekozen functie: delete_last_connection
Gekozen functie: mutate_trajectories
Gekozen functie: mutate_trajectories
Gekozen functie: change_start_station
Gekozen functie: mutate_trajectories
Gekozen functie: delete_last_connection
Gekozen functie: change_start_station
Gekozen functie: mutate_trajectories
Gekozen functie: delete_last_connection
Gekozen functie: mutate_trajectories
Gekozen functie: separate_traject
Gekozen functie: delete_last_connection
Gekozen functie: change_start_station
Gekozen functie: change_start_station
Gekozen functie: mutate_trajectories
Gekozen functie: change_start_station
Gekozen functie: delete_last_connection
Gekozen functie: change_start_station
Gekozen functie: mutate_trajectories
Gekozen functie: separate_traject
Gekozen functie: delete_last_connection
Gekozen functie: delete_last_connection
Gekozen functie: delete_last_connection
Gekozen functie: change_start_station
Gekozen functie: change_start_station
Gekozen functie: change_start_station
Gekozen functie: change_start_station
Gekozen functie: change_start_station
Gekozen functie: separate_traject
Gekozen functie: delete_last_connection
Gekozen functie: delete_last_connection
Gekozen functie: delete_last_connection
Gekozen functie: separate_traject
Gekozen functie: separate_traject
Gekozen functie: change_start_station
Gekozen functie: mutate_trajectories
Gekozen functie: mutate_trajectories
Gekozen functie: separate_traject
Gekozen functie: mutate_trajectories
Gekozen functie: delete_last_connection
Gekozen functie: change_start_station
Gekozen functie: mutate_trajectories
Gekozen functie: change_start_station
Gekozen functie: delete_last_connection
Gekozen functie: separate_traject
Gekozen functie: change_start_station
Gekozen functie: mutate_trajectories
Gekozen functie: change_start_station
Gekozen functie: change_start_station
Gekozen functie: delete_last_connection
Gekozen functie: delete_last_connection
Gekozen functie: change_start_station
Gekozen functie: change_start_station
Gekozen functie: delete_last_connection
Gekozen functie: delete_last_connection
Gekozen functie: delete_last_connection
Gekozen functie: separate_traject
Gekozen functie: change_start_station
Gekozen functie: change_start_station
Gekozen functie: delete_last_connection
Gekozen functie: delete_last_connection
Gekozen functie: separate_traject
Gekozen functie: separate_traject
Gekozen functie: change_start_station
Gekozen functie: mutate_trajectories
Gekozen functie: mutate_trajectories
Gekozen functie: change_start_station
Gekozen functie: change_start_station
Gekozen functie: change_start_station
Gekozen functie: mutate_trajectories
Gekozen functie: delete_last_connection
Gekozen functie: mutate_trajectories
Gekozen functie: change_start_station
Gekozen functie: delete_last_connection
Gekozen functie: mutate_trajectories
Gekozen functie: separate_traject
Gekozen functie: separate_traject
Gekozen functie: mutate_trajectories
Gekozen functie: delete_last_connection
Gekozen functie: mutate_trajectories
Gekozen functie: delete_last_connection
Gekozen functie: delete_last_connection
Gekozen functie: separate_traject
Gekozen functie: delete_last_connection
Gekozen functie: separate_traject
Gekozen functie: separate_traject
Gekozen functie: delete_last_connection
Gekozen functie: delete_last_connection
Gekozen functie: change_start_station
Gekozen functie: change_start_station
Gekozen functie: separate_traject
Gekozen functie: mutate_trajectories
Gekozen functie: separate_traject
Gekozen functie: change_start_station
Gekozen functie: change_start_station
Gekozen functie: mutate_trajectories
Gekozen functie: mutate_trajectories
Gekozen functie: mutate_trajectories
Gekozen functie: change_start_station
Gekozen functie: change_start_station
Gekozen functie: mutate_trajectories
Gekozen functie: change_start_station
Gekozen functie: change_start_station
Gekozen functie: separate_traject
Gekozen functie: delete_last_connection
Gekozen functie: change_start_station
Gekozen functie: delete_last_connection
Gekozen functie: separate_traject
Gekozen functie: delete_last_connection
Gekozen functie: change_start_station
Gekozen functie: delete_last_connection
Gekozen functie: change_start_station
Gekozen functie: change_start_station
Gekozen functie: delete_last_connection
Gekozen functie: mutate_trajectories
Gekozen functie: change_start_station
Gekozen functie: separate_traject
Gekozen functie: separate_traject
Gekozen functie: mutate_trajectories
Gekozen functie: delete_last_connection
Gekozen functie: mutate_trajectories
Gekozen functie: separate_traject
Gekozen functie: mutate_trajectories
Gekozen functie: separate_traject
Gekozen functie: delete_last_connection
Gekozen functie: delete_last_connection
Gekozen functie: change_start_station
Gekozen functie: mutate_trajectories
Gekozen functie: mutate_trajectories
Gekozen functie: delete_last_connection
Gekozen functie: separate_traject
Gekozen functie: delete_last_connection
Gekozen functie: separate_traject
Gekozen functie: delete_last_connection
Gekozen functie: delete_last_connection
Gekozen functie: delete_last_connection
Gekozen functie: change_start_station
Gekozen functie: separate_traject
Gekozen functie: separate_traject
Gekozen functie: mutate_trajectories
Gekozen functie: change_start_station
Gekozen functie: change_start_station
Gekozen functie: mutate_trajectories
Gekozen functie: delete_last_connection
Gekozen functie: separate_traject
Gekozen functie: delete_last_connection
Gekozen functie: delete_last_connection
Gekozen functie: delete_last_connection
Gekozen functie: separate_traject
Gekozen functie: change_start_station
Gekozen functie: separate_traject
Gekozen functie: mutate_trajectories
Gekozen functie: delete_last_connection
Gekozen functie: separate_traject
Gekozen functie: mutate_trajectories
Gekozen functie: mutate_trajectories
Gekozen functie: change_start_station
Gekozen functie: change_start_station
Gekozen functie: change_start_station
Gekozen functie: separate_traject
Gekozen functie: change_start_station
Gekozen functie: change_start_station
Gekozen functie: mutate_trajectories
Gekozen functie: mutate_trajectories
Gekozen functie: change_start_station
Gekozen functie: delete_last_connection
Gekozen functie: separate_traject
Gekozen functie: separate_traject
Gekozen functie: delete_last_connection
Gekozen functie: change_start_station
Gekozen functie: mutate_trajectories
Gekozen functie: change_start_station
Gekozen functie: separate_traject
Gekozen functie: mutate_trajectories
Gekozen functie: mutate_trajectories
Gekozen functie: mutate_trajectories
Gekozen functie: separate_traject
Gekozen functie: mutate_trajectories
Gekozen functie: change_start_station
Gekozen functie: change_start_station
Gekozen functie: mutate_trajectories
Gekozen functie: separate_traject
Gekozen functie: delete_last_connection
Gekozen functie: separate_traject
Gekozen functie: delete_last_connection
Gekozen functie: change_start_station
Gekozen functie: separate_traject
Gekozen functie: delete_last_connection
Gekozen functie: separate_traject
Gekozen functie: change_start_station
Gekozen functie: separate_traject
Gekozen functie: delete_last_connection
Gekozen functie: delete_last_connection
Gekozen functie: delete_last_connection
Gekozen functie: mutate_trajectories
Gekozen functie: change_start_station
Gekozen functie: delete_last_connection
Gekozen functie: mutate_trajectories
Gekozen functie: delete_last_connection
Gekozen functie: separate_traject
Gekozen functie: delete_last_connection
Gekozen functie: delete_last_connection
Gekozen functie: delete_last_connection
Gekozen functie: delete_last_connection
Gekozen functie: change_start_station
Gekozen functie: separate_traject
Gekozen functie: delete_last_connection
Gekozen functie: mutate_trajectories
Gekozen functie: change_start_station
Gekozen functie: separate_traject
Gekozen functie: separate_traject
Gekozen functie: mutate_trajectories
Gekozen functie: mutate_trajectories
Gekozen functie: delete_last_connection
Gekozen functie: mutate_trajectories
Gekozen functie: mutate_trajectories
Gekozen functie: mutate_trajectories
Gekozen functie: mutate_trajectories
Gekozen functie: mutate_trajectories
Gekozen functie: separate_traject
Gekozen functie: separate_traject
Gekozen functie: change_start_station
Gekozen functie: mutate_trajectories
Gekozen functie: delete_last_connection
Gekozen functie: separate_traject
Gekozen functie: separate_traject
Gekozen functie: delete_last_connection
Gekozen functie: mutate_trajectories
Gekozen functie: mutate_trajectories
Gekozen functie: separate_traject
Gekozen functie: change_start_station
Gekozen functie: mutate_trajectories
Gekozen functie: delete_last_connection
Gekozen functie: mutate_trajectories
Gekozen functie: change_start_station
Gekozen functie: separate_traject
Gekozen functie: change_start_station
Gekozen functie: separate_traject
Gekozen functie: delete_last_connection
Gekozen functie: delete_last_connection
Gekozen functie: delete_last_connection
Gekozen functie: change_start_station
Gekozen functie: delete_last_connection
Gekozen functie: delete_last_connection
Gekozen functie: change_start_station
Gekozen functie: change_start_station
Gekozen functie: separate_traject
Gekozen functie: mutate_trajectories
Gekozen functie: mutate_trajectories
Gekozen functie: separate_traject
Gekozen functie: change_start_station
Gekozen functie: separate_traject
Gekozen functie: change_start_station
Gekozen functie: delete_last_connection
Gekozen functie: separate_traject
Gekozen functie: mutate_trajectories
Gekozen functie: separate_traject
Gekozen functie: change_start_station
Gekozen functie: separate_traject
Gekozen functie: separate_traject
Gekozen functie: separate_traject
Gekozen functie: separate_traject
Gekozen functie: delete_last_connection
Gekozen functie: change_start_station
Gekozen functie: delete_last_connection
Gekozen functie: separate_traject
Gekozen functie: mutate_trajectories
Gekozen functie: delete_last_connection
Gekozen functie: separate_traject
Gekozen functie: change_start_station
Gekozen functie: change_start_station
Gekozen functie: delete_last_connection
Gekozen functie: mutate_trajectories
Gekozen functie: delete_last_connection
Gekozen functie: delete_last_connection
Gekozen functie: delete_last_connection
Gekozen functie: delete_last_connection
Gekozen functie: change_start_station
Gekozen functie: delete_last_connection
Gekozen functie: mutate_trajectories
Gekozen functie: delete_last_connection
Gekozen functie: mutate_trajectories
Gekozen functie: separate_traject
Gekozen functie: delete_last_connection
Gekozen functie: separate_traject
Gekozen functie: delete_last_connection
Gekozen functie: change_start_station
Gekozen functie: separate_traject
Gekozen functie: mutate_trajectories
Gekozen functie: delete_last_connection
Gekozen functie: change_start_station
Gekozen functie: delete_last_connection
Gekozen functie: delete_last_connection
Gekozen functie: mutate_trajectories
Gekozen functie: separate_traject
Gekozen functie: delete_last_connection
Gekozen functie: delete_last_connection
Gekozen functie: mutate_trajectories
Gekozen functie: separate_traject
Gekozen functie: mutate_trajectories
Gekozen functie: mutate_trajectories
Gekozen functie: separate_traject
Gekozen functie: separate_traject
Gekozen functie: delete_last_connection
Gekozen functie: separate_traject
Gekozen functie: change_start_station
Gekozen functie: delete_last_connection
Gekozen functie: mutate_trajectories
Gekozen functie: delete_last_connection
Gekozen functie: mutate_trajectories
Gekozen functie: separate_traject
Gekozen functie: mutate_trajectories
Gekozen functie: separate_traject
Gekozen functie: change_start_station
Gekozen functie: mutate_trajectories
Gekozen functie: mutate_trajectories
Gekozen functie: change_start_station
Gekozen functie: delete_last_connection
Gekozen functie: change_start_station
Gekozen functie: change_start_station
Gekozen functie: delete_last_connection
Gekozen functie: change_start_station
Gekozen functie: change_start_station
Gekozen functie: mutate_trajectories
Gekozen functie: mutate_trajectories
Gekozen functie: separate_traject
Gekozen functie: separate_traject
Gekozen functie: delete_last_connection
Gekozen functie: separate_traject
Gekozen functie: mutate_trajectories
Gekozen functie: delete_last_connection
Gekozen functie: mutate_trajectories
Gekozen functie: separate_traject
Gekozen functie: delete_last_connection
Gekozen functie: change_start_station
Gekozen functie: separate_traject
Gekozen functie: delete_last_connection
Gekozen functie: separate_traject
Gekozen functie: change_start_station
Gekozen functie: mutate_trajectories
Gekozen functie: mutate_trajectories
Gekozen functie: separate_traject
Gekozen functie: separate_traject
Gekozen functie: delete_last_connection
Gekozen functie: mutate_trajectories
Gekozen functie: delete_last_connection
Gekozen functie: delete_last_connection
Gekozen functie: change_start_station
Gekozen functie: change_start_station
Gekozen functie: mutate_trajectories
Gekozen functie: delete_last_connection
Gekozen functie: change_start_station
Gekozen functie: delete_last_connection
Gekozen functie: change_start_station
Gekozen functie: delete_last_connection
Gekozen functie: separate_traject
Gekozen functie: delete_last_connection
Gekozen functie: separate_traject
Gekozen functie: delete_last_connection
Gekozen functie: mutate_trajectories
Gekozen functie: mutate_trajectories
Gekozen functie: mutate_trajectories
Gekozen functie: mutate_trajectories
Gekozen functie: separate_traject
Gekozen functie: delete_last_connection
Gekozen functie: delete_last_connection
Gekozen functie: mutate_trajectories
Gekozen functie: mutate_trajectories
Gekozen functie: separate_traject
Gekozen functie: mutate_trajectories
Gekozen functie: change_start_station
Gekozen functie: delete_last_connection
Gekozen functie: delete_last_connection
Gekozen functie: separate_traject
Gekozen functie: mutate_trajectories
Gekozen functie: separate_traject
Gekozen functie: change_start_station
Gekozen functie: delete_last_connection
Gekozen functie: change_start_station
Gekozen functie: mutate_trajectories
Gekozen functie: mutate_trajectories
Gekozen functie: change_start_station
Gekozen functie: separate_traject
Gekozen functie: separate_traject
Gekozen functie: change_start_station
Gekozen functie: separate_traject
Gekozen functie: separate_traject
Gekozen functie: delete_last_connection
Gekozen functie: mutate_trajectories
Gekozen functie: separate_traject
Gekozen functie: separate_traject
Gekozen functie: delete_last_connection
Gekozen functie: mutate_trajectories
Gekozen functie: delete_last_connection
Gekozen functie: mutate_trajectories
Gekozen functie: separate_traject
Gekozen functie: separate_traject
Gekozen functie: delete_last_connection
Gekozen functie: delete_last_connection
Gekozen functie: delete_last_connection
Gekozen functie: delete_last_connection
Gekozen functie: mutate_trajectories
Gekozen functie: separate_traject
Gekozen functie: change_start_station
Gekozen functie: mutate_trajectories
Gekozen functie: delete_last_connection
Gekozen functie: separate_traject
Gekozen functie: change_start_station
Gekozen functie: mutate_trajectories
Gekozen functie: change_start_station
Gekozen functie: mutate_trajectories
Gekozen functie: mutate_trajectories
Gekozen functie: change_start_station
Gekozen functie: change_start_station
Gekozen functie: mutate_trajectories
Gekozen functie: separate_traject
Gekozen functie: mutate_trajectories
Gekozen functie: delete_last_connection
Gekozen functie: change_start_station
Gekozen functie: change_start_station
Gekozen functie: mutate_trajectories
Gekozen functie: change_start_station
Gekozen functie: separate_traject
Gekozen functie: separate_traject
Gekozen functie: separate_traject
Gekozen functie: change_start_station
Gekozen functie: separate_traject
Gekozen functie: separate_traject
Gekozen functie: delete_last_connection
Gekozen functie: separate_traject
Gekozen functie: separate_traject
Gekozen functie: separate_traject
Gekozen functie: delete_last_connection
Gekozen functie: delete_last_connection
Gekozen functie: mutate_trajectories
Gekozen functie: mutate_trajectories
Gekozen functie: delete_last_connection
Gekozen functie: delete_last_connection
Gekozen functie: mutate_trajectories
Gekozen functie: delete_last_connection
Gekozen functie: change_start_station
Gekozen functie: mutate_trajectories
Gekozen functie: separate_traject
Gekozen functie: change_start_station
Gekozen functie: delete_last_connection
Gekozen functie: delete_last_connection
Gekozen functie: change_start_station
Gekozen functie: change_start_station
Gekozen functie: separate_traject
Gekozen functie: mutate_trajectories
Gekozen functie: change_start_station
Gekozen functie: change_start_station
Gekozen functie: mutate_trajectories
Gekozen functie: change_start_station
Gekozen functie: change_start_station
Gekozen functie: separate_traject
Gekozen functie: mutate_trajectories
Gekozen functie: change_start_station
Gekozen functie: change_start_station
Gekozen functie: change_start_station
Gekozen functie: separate_traject
Gekozen functie: delete_last_connection
Gekozen functie: change_start_station
Gekozen functie: delete_last_connection
Gekozen functie: mutate_trajectories
Gekozen functie: delete_last_connection
Gekozen functie: change_start_station
Gekozen functie: separate_traject
Gekozen functie: change_start_station
Gekozen functie: separate_traject
Gekozen functie: delete_last_connection
Gekozen functie: delete_last_connection
Gekozen functie: change_start_station
Gekozen functie: separate_traject
Gekozen functie: delete_last_connection
Gekozen functie: delete_last_connection
Gekozen functie: change_start_station
Gekozen functie: delete_last_connection
Gekozen functie: delete_last_connection
Gekozen functie: separate_traject
Gekozen functie: separate_traject
Gekozen functie: separate_traject
Gekozen functie: separate_traject
Gekozen functie: delete_last_connection
Gekozen functie: change_start_station
Gekozen functie: delete_last_connection
Gekozen functie: delete_last_connection
Gekozen functie: delete_last_connection
Gekozen functie: delete_last_connection
Gekozen functie: change_start_station
Gekozen functie: change_start_station
Gekozen functie: mutate_trajectories
Gekozen functie: mutate_trajectories
Gekozen functie: separate_traject
Gekozen functie: change_start_station
Gekozen functie: mutate_trajectories
Gekozen functie: delete_last_connection
Gekozen functie: delete_last_connection
Gekozen functie: change_start_station
Gekozen functie: separate_traject
Gekozen functie: separate_traject
Gekozen functie: change_start_station
Gekozen functie: change_start_station
Gekozen functie: delete_last_connection
Gekozen functie: separate_traject
Gekozen functie: mutate_trajectories
Gekozen functie: mutate_trajectories
Gekozen functie: change_start_station
Gekozen functie: delete_last_connection
Gekozen functie: delete_last_connection
Gekozen functie: separate_traject
Gekozen functie: mutate_trajectories
Gekozen functie: change_start_station
Gekozen functie: change_start_station
Gekozen functie: change_start_station
Gekozen functie: delete_last_connection
Gekozen functie: change_start_station
Gekozen functie: mutate_trajectories
Gekozen functie: change_start_station
Gekozen functie: change_start_station
Gekozen functie: mutate_trajectories
Gekozen functie: delete_last_connection
Gekozen functie: separate_traject
Gekozen functie: separate_traject
Gekozen functie: mutate_trajectories
Gekozen functie: change_start_station
Gekozen functie: mutate_trajectories
Gekozen functie: change_start_station
Gekozen functie: mutate_trajectories
Gekozen functie: mutate_trajectories
Gekozen functie: separate_traject
Gekozen functie: separate_traject
Gekozen functie: delete_last_connection
Gekozen functie: mutate_trajectories
Gekozen functie: change_start_station
Gekozen functie: mutate_trajectories
Gekozen functie: mutate_trajectories
Gekozen functie: mutate_trajectories
Gekozen functie: delete_last_connection
Gekozen functie: separate_traject
Gekozen functie: separate_traject
Gekozen functie: change_start_station
Gekozen functie: delete_last_connection
Gekozen functie: separate_traject
Gekozen functie: mutate_trajectories
Gekozen functie: separate_traject
Gekozen functie: delete_last_connection
Gekozen functie: mutate_trajectories
Gekozen functie: change_start_station
Gekozen functie: delete_last_connection
Gekozen functie: separate_traject
Gekozen functie: change_start_station
Gekozen functie: delete_last_connection
Gekozen functie: mutate_trajectories
Gekozen functie: mutate_trajectories
Gekozen functie: change_start_station
Gekozen functie: mutate_trajectories
Gekozen functie: change_start_station
Gekozen functie: mutate_trajectories
Gekozen functie: separate_traject
Gekozen functie: mutate_trajectories
Gekozen functie: separate_traject
Gekozen functie: delete_last_connection
Gekozen functie: change_start_station
Gekozen functie: separate_traject
Gekozen functie: delete_last_connection
Gekozen functie: delete_last_connection
Gekozen functie: mutate_trajectories
Gekozen functie: delete_last_connection
Gekozen functie: mutate_trajectories
Gekozen functie: delete_last_connection
Gekozen functie: mutate_trajectories
Gekozen functie: mutate_trajectories
Gekozen functie: delete_last_connection
Gekozen functie: change_start_station
Gekozen functie: change_start_station
Gekozen functie: change_start_station
Gekozen functie: change_start_station
Gekozen functie: delete_last_connection
Gekozen functie: separate_traject
Gekozen functie: separate_traject
Gekozen functie: delete_last_connection
Gekozen functie: separate_traject
Gekozen functie: separate_traject
Gekozen functie: delete_last_connection
Gekozen functie: delete_last_connection
Gekozen functie: delete_last_connection
Gekozen functie: mutate_trajectories
Gekozen functie: change_start_station
Gekozen functie: delete_last_connection
Gekozen functie: change_start_station
Gekozen functie: delete_last_connection
Gekozen functie: change_start_station
Gekozen functie: change_start_station
Gekozen functie: separate_traject
Gekozen functie: change_start_station
Gekozen functie: change_start_station
Gekozen functie: delete_last_connection
Gekozen functie: mutate_trajectories
Gekozen functie: change_start_station
Gekozen functie: mutate_trajectories
Gekozen functie: mutate_trajectories
Gekozen functie: delete_last_connection
Gekozen functie: change_start_station
Gekozen functie: separate_traject
Gekozen functie: mutate_trajectories
Gekozen functie: delete_last_connection
Gekozen functie: change_start_station
Gekozen functie: separate_traject
Gekozen functie: mutate_trajectories
Gekozen functie: mutate_trajectories
Gekozen functie: mutate_trajectories
Gekozen functie: delete_last_connection
Gekozen functie: separate_traject
Gekozen functie: separate_traject
Gekozen functie: separate_traject
Gekozen functie: separate_traject
Gekozen functie: separate_traject
Gekozen functie: mutate_trajectories
Gekozen functie: mutate_trajectories
Gekozen functie: change_start_station
Gekozen functie: delete_last_connection
Gekozen functie: mutate_trajectories
Gekozen functie: delete_last_connection
Gekozen functie: change_start_station
Gekozen functie: change_start_station
Gekozen functie: separate_traject
Gekozen functie: change_start_station
Gekozen functie: separate_traject
Gekozen functie: change_start_station
Gekozen functie: mutate_trajectories
Gekozen functie: delete_last_connection
Gekozen functie: delete_last_connection
Gekozen functie: mutate_trajectories
Gekozen functie: mutate_trajectories
Gekozen functie: delete_last_connection
Gekozen functie: separate_traject
Gekozen functie: separate_traject
Gekozen functie: delete_last_connection
Gekozen functie: mutate_trajectories
Gekozen functie: mutate_trajectories
Gekozen functie: separate_traject
Gekozen functie: change_start_station
Gekozen functie: separate_traject
Gekozen functie: change_start_station
Gekozen functie: mutate_trajectories
Gekozen functie: change_start_station
Gekozen functie: separate_traject
Gekozen functie: mutate_trajectories
Gekozen functie: change_start_station
Gekozen functie: delete_last_connection
Gekozen functie: change_start_station
Gekozen functie: delete_last_connection
Gekozen functie: separate_traject
Gekozen functie: delete_last_connection
Gekozen functie: change_start_station
Gekozen functie: separate_traject
Gekozen functie: delete_last_connection
Gekozen functie: separate_traject
Gekozen functie: separate_traject
Gekozen functie: mutate_trajectories
Gekozen functie: delete_last_connection
Gekozen functie: change_start_station
Gekozen functie: mutate_trajectories
Gekozen functie: change_start_station
Gekozen functie: separate_traject
Gekozen functie: change_start_station
Gekozen functie: mutate_trajectories
Gekozen functie: mutate_trajectories
Gekozen functie: separate_traject
Gekozen functie: change_start_station
Gekozen functie: change_start_station
Gekozen functie: separate_traject
Gekozen functie: mutate_trajectories
Gekozen functie: delete_last_connection
Gekozen functie: change_start_station
Gekozen functie: mutate_trajectories
Gekozen functie: separate_traject
Gekozen functie: change_start_station
Gekozen functie: change_start_station
Gekozen functie: mutate_trajectories
Gekozen functie: mutate_trajectories
Gekozen functie: change_start_station
Gekozen functie: mutate_trajectories
Gekozen functie: change_start_station
Gekozen functie: delete_last_connection
Gekozen functie: separate_traject
Gekozen functie: mutate_trajectories
Gekozen functie: separate_traject
Gekozen functie: delete_last_connection
Gekozen functie: change_start_station
Gekozen functie: mutate_trajectories
Gekozen functie: delete_last_connection
Gekozen functie: mutate_trajectories
Gekozen functie: mutate_trajectories
Gekozen functie: delete_last_connection
Gekozen functie: separate_traject
Gekozen functie: separate_traject
Gekozen functie: delete_last_connection
Gekozen functie: mutate_trajectories
Gekozen functie: change_start_station
Gekozen functie: delete_last_connection
Gekozen functie: change_start_station
Gekozen functie: separate_traject
Gekozen functie: mutate_trajectories
Gekozen functie: separate_traject
Gekozen functie: delete_last_connection
Gekozen functie: delete_last_connection
Gekozen functie: separate_traject
Gekozen functie: change_start_station
Gekozen functie: change_start_station
Gekozen functie: change_start_station
Gekozen functie: delete_last_connection
Gekozen functie: separate_traject
Gekozen functie: mutate_trajectories
Gekozen functie: separate_traject
Gekozen functie: separate_traject
Gekozen functie: mutate_trajectories
Gekozen functie: change_start_station
Gekozen functie: delete_last_connection
Gekozen functie: separate_traject
Gekozen functie: delete_last_connection
Gekozen functie: delete_last_connection
Gekozen functie: mutate_trajectories
Gekozen functie: delete_last_connection
Gekozen functie: mutate_trajectories
Gekozen functie: separate_traject
Gekozen functie: delete_last_connection
Gekozen functie: delete_last_connection
Gekozen functie: mutate_trajectories
Gekozen functie: mutate_trajectories
Gekozen functie: separate_traject
Gekozen functie: delete_last_connection
Gekozen functie: mutate_trajectories
Gekozen functie: separate_traject
Gekozen functie: separate_traject
Gekozen functie: change_start_station
Gekozen functie: separate_traject
Gekozen functie: separate_traject
Gekozen functie: mutate_trajectories
Gekozen functie: separate_traject
Gekozen functie: delete_last_connection
Gekozen functie: delete_last_connection
Gekozen functie: mutate_trajectories
Gekozen functie: mutate_trajectories
Gekozen functie: mutate_trajectories
Gekozen functie: change_start_station
Gekozen functie: delete_last_connection
Gekozen functie: mutate_trajectories
Gekozen functie: separate_traject
Gekozen functie: change_start_station
Gekozen functie: separate_traject
Gekozen functie: change_start_station
Gekozen functie: mutate_trajectories
Gekozen functie: mutate_trajectories
Gekozen functie: separate_traject
Gekozen functie: change_start_station
Gekozen functie: separate_traject
Gekozen functie: separate_traject
Gekozen functie: separate_traject
Gekozen functie: mutate_trajectories
Gekozen functie: delete_last_connection
Gekozen functie: separate_traject
Gekozen functie: change_start_station
Gekozen functie: change_start_station
Gekozen functie: mutate_trajectories
Gekozen functie: separate_traject
Gekozen functie: change_start_station
Gekozen functie: delete_last_connection
Gekozen functie: delete_last_connection
Gekozen functie: separate_traject
Gekozen functie: change_start_station
Gekozen functie: change_start_station
Gekozen functie: delete_last_connection
Gekozen functie: delete_last_connection
Gekozen functie: separate_traject
Gekozen functie: separate_traject
Gekozen functie: change_start_station
Gekozen functie: delete_last_connection
Gekozen functie: separate_traject
Gekozen functie: delete_last_connection
Gekozen functie: delete_last_connection
Gekozen functie: mutate_trajectories
Gekozen functie: change_start_station
Gekozen functie: mutate_trajectories
Gekozen functie: mutate_trajectories
Gekozen functie: delete_last_connection
Gekozen functie: delete_last_connection
Gekozen functie: mutate_trajectories
Gekozen functie: mutate_trajectories
Gekozen functie: delete_last_connection
Gekozen functie: mutate_trajectories
Gekozen functie: mutate_trajectories
Gekozen functie: change_start_station
Gekozen functie: delete_last_connection
Gekozen functie: separate_traject
Gekozen functie: delete_last_connection
Gekozen functie: delete_last_connection
Gekozen functie: delete_last_connection
Gekozen functie: separate_traject
Gekozen functie: change_start_station
Gekozen functie: delete_last_connection
Gekozen functie: change_start_station
Gekozen functie: separate_traject
Gekozen functie: mutate_trajectories
Gekozen functie: separate_traject
Gekozen functie: delete_last_connection
Gekozen functie: delete_last_connection
Gekozen functie: delete_last_connection
Gekozen functie: change_start_station
Gekozen functie: separate_traject
Gekozen functie: change_start_station
Gekozen functie: mutate_trajectories
Gekozen functie: delete_last_connection
Gekozen functie: change_start_station
Gekozen functie: delete_last_connection
Gekozen functie: mutate_trajectories
Gekozen functie: separate_traject
Gekozen functie: mutate_trajectories
Gekozen functie: delete_last_connection
Gekozen functie: delete_last_connection
Gekozen functie: mutate_trajectories
Gekozen functie: change_start_station
Gekozen functie: mutate_trajectories
Gekozen functie: delete_last_connection
Gekozen functie: change_start_station
Gekozen functie: delete_last_connection
Gekozen functie: change_start_station
Gekozen functie: change_start_station
Gekozen functie: separate_traject
Gekozen functie: mutate_trajectories
Gekozen functie: mutate_trajectories
Gekozen functie: separate_traject
Gekozen functie: mutate_trajectories
Gekozen functie: delete_last_connection
Gekozen functie: separate_traject
Gekozen functie: mutate_trajectories
Gekozen functie: change_start_station
Gekozen functie: separate_traject
Gekozen functie: separate_traject
Gekozen functie: change_start_station
Gekozen functie: mutate_trajectories
Gekozen functie: separate_traject
Gekozen functie: change_start_station
Gekozen functie: mutate_trajectories
Gekozen functie: separate_traject
Gekozen functie: delete_last_connection
Gekozen functie: separate_traject
Gekozen functie: delete_last_connection
Gekozen functie: mutate_trajectories
Gekozen functie: change_start_station
Gekozen functie: separate_traject
Gekozen functie: change_start_station
Gekozen functie: separate_traject
Gekozen functie: mutate_trajectories
Gekozen functie: delete_last_connection
Gekozen functie: delete_last_connection
Gekozen functie: separate_traject
Gekozen functie: mutate_trajectories
Gekozen functie: delete_last_connection
Gekozen functie: change_start_station
Gekozen functie: separate_traject
Gekozen functie: change_start_station
Gekozen functie: separate_traject
Gekozen functie: delete_last_connection
Gekozen functie: change_start_station
Gekozen functie: delete_last_connection
Gekozen functie: delete_last_connection
Gekozen functie: separate_traject
Gekozen functie: separate_traject
Gekozen functie: separate_traject
Gekozen functie: change_start_station
Gekozen functie: mutate_trajectories
Gekozen functie: mutate_trajectories
Gekozen functie: mutate_trajectories
Gekozen functie: change_start_station
Gekozen functie: mutate_trajectories
Gekozen functie: separate_traject
Gekozen functie: delete_last_connection
Gekozen functie: delete_last_connection
Gekozen functie: separate_traject
Gekozen functie: delete_last_connection
Gekozen functie: separate_traject
Gekozen functie: delete_last_connection
Gekozen functie: delete_last_connection
Gekozen functie: change_start_station
Gekozen functie: change_start_station
Gekozen functie: mutate_trajectories
Gekozen functie: delete_last_connection
Gekozen functie: change_start_station
Gekozen functie: delete_last_connection
Gekozen functie: delete_last_connection
Gekozen functie: change_start_station
Gekozen functie: delete_last_connection
Gekozen functie: mutate_trajectories
Gekozen functie: delete_last_connection
Gekozen functie: delete_last_connection
Gekozen functie: delete_last_connection
Gekozen functie: separate_traject
Gekozen functie: change_start_station
Gekozen functie: change_start_station
Gekozen functie: change_start_station
Gekozen functie: change_start_station
Gekozen functie: separate_traject
Gekozen functie: delete_last_connection
Gekozen functie: delete_last_connection
Gekozen functie: delete_last_connection
Gekozen functie: delete_last_connection
Gekozen functie: separate_traject
Gekozen functie: separate_traject
Gekozen functie: mutate_trajectories
Gekozen functie: delete_last_connection
Gekozen functie: separate_traject
Gekozen functie: mutate_trajectories
Gekozen functie: delete_last_connection
Gekozen functie: mutate_trajectories
Gekozen functie: change_start_station
Gekozen functie: separate_traject
Gekozen functie: delete_last_connection
Gekozen functie: delete_last_connection
Gekozen functie: separate_traject
Gekozen functie: delete_last_connection
Gekozen functie: change_start_station
Gekozen functie: delete_last_connection
Gekozen functie: mutate_trajectories
Gekozen functie: separate_traject
Gekozen functie: mutate_trajectories
Gekozen functie: mutate_trajectories
Gekozen functie: change_start_station
Gekozen functie: separate_traject
Gekozen functie: separate_traject
Gekozen functie: mutate_trajectories
Gekozen functie: mutate_trajectories
Gekozen functie: separate_traject
Gekozen functie: change_start_station
Gekozen functie: separate_traject
Gekozen functie: change_start_station
Gekozen functie: separate_traject
Gekozen functie: delete_last_connection
Gekozen functie: delete_last_connection
Gekozen functie: delete_last_connection
Gekozen functie: change_start_station
Gekozen functie: change_start_station
Gekozen functie: mutate_trajectories
Gekozen functie: change_start_station
Gekozen functie: delete_last_connection
Gekozen functie: mutate_trajectories
Gekozen functie: separate_traject
Gekozen functie: change_start_station
Gekozen functie: delete_last_connection
Gekozen functie: mutate_trajectories
Gekozen functie: separate_traject
Gekozen functie: delete_last_connection
Gekozen functie: change_start_station
Gekozen functie: change_start_station
Gekozen functie: change_start_station
Gekozen functie: delete_last_connection
Gekozen functie: separate_traject
Gekozen functie: delete_last_connection
Gekozen functie: change_start_station
Gekozen functie: mutate_trajectories
Gekozen functie: separate_traject
Gekozen functie: delete_last_connection
Gekozen functie: change_start_station
Gekozen functie: change_start_station
Gekozen functie: delete_last_connection
Gekozen functie: delete_last_connection
Gekozen functie: mutate_trajectories
Gekozen functie: mutate_trajectories
Gekozen functie: mutate_trajectories
Gekozen functie: change_start_station
Gekozen functie: mutate_trajectories
Gekozen functie: separate_traject
Gekozen functie: mutate_trajectories
Gekozen functie: delete_last_connection
Gekozen functie: delete_last_connection
Gekozen functie: mutate_trajectories
Gekozen functie: delete_last_connection
Gekozen functie: delete_last_connection
Gekozen functie: delete_last_connection
Gekozen functie: delete_last_connection
Gekozen functie: mutate_trajectories
Gekozen functie: mutate_trajectories
Gekozen functie: mutate_trajectories
Gekozen functie: separate_traject
Gekozen functie: change_start_station
Gekozen functie: separate_traject
Gekozen functie: delete_last_connection
Gekozen functie: separate_traject
Gekozen functie: delete_last_connection
Gekozen functie: change_start_station
Gekozen functie: mutate_trajectories
Gekozen functie: separate_traject
Gekozen functie: delete_last_connection
Gekozen functie: mutate_trajectories
Gekozen functie: mutate_trajectories
Gekozen functie: separate_traject
Gekozen functie: delete_last_connection
Gekozen functie: mutate_trajectories
Gekozen functie: delete_last_connection
Gekozen functie: change_start_station
Gekozen functie: mutate_trajectories
Gekozen functie: separate_traject
Gekozen functie: change_start_station
Gekozen functie: delete_last_connection
Gekozen functie: delete_last_connection
Gekozen functie: delete_last_connection
Gekozen functie: change_start_station
Gekozen functie: delete_last_connection
Gekozen functie: delete_last_connection
Gekozen functie: mutate_trajectories
Gekozen functie: delete_last_connection
Gekozen functie: change_start_station
Gekozen functie: mutate_trajectories
Gekozen functie: separate_traject
Gekozen functie: delete_last_connection
Gekozen functie: separate_traject
Gekozen functie: change_start_station
Gekozen functie: delete_last_connection
Gekozen functie: delete_last_connection
Gekozen functie: change_start_station
Gekozen functie: change_start_station
Gekozen functie: mutate_trajectories
Gekozen functie: delete_last_connection
Gekozen functie: delete_last_connection
Gekozen functie: separate_traject
Gekozen functie: separate_traject
Gekozen functie: separate_traject
Gekozen functie: change_start_station
Gekozen functie: mutate_trajectories
Gekozen functie: delete_last_connection
Gekozen functie: mutate_trajectories
Gekozen functie: mutate_trajectories
Gekozen functie: separate_traject
Gekozen functie: delete_last_connection
Gekozen functie: change_start_station
Gekozen functie: delete_last_connection
Gekozen functie: mutate_trajectories
Gekozen functie: separate_traject
Gekozen functie: separate_traject
Gekozen functie: separate_traject
Gekozen functie: separate_traject
Gekozen functie: change_start_station
Gekozen functie: mutate_trajectories
Gekozen functie: mutate_trajectories
Gekozen functie: change_start_station
Gekozen functie: separate_traject
Gekozen functie: change_start_station
Gekozen functie: delete_last_connection
Gekozen functie: mutate_trajectories
Gekozen functie: change_start_station
Gekozen functie: separate_traject
Gekozen functie: delete_last_connection
Gekozen functie: separate_traject
Gekozen functie: change_start_station
Gekozen functie: change_start_station
Gekozen functie: delete_last_connection
Gekozen functie: delete_last_connection
Gekozen functie: delete_last_connection
Gekozen functie: change_start_station
Gekozen functie: mutate_trajectories
Gekozen functie: delete_last_connection
Gekozen functie: change_start_station
Gekozen functie: change_start_station
Gekozen functie: change_start_station
Gekozen functie: mutate_trajectories
Gekozen functie: mutate_trajectories
Gekozen functie: mutate_trajectories
Gekozen functie: separate_traject
Gekozen functie: change_start_station
Gekozen functie: delete_last_connection
Gekozen functie: delete_last_connection
Gekozen functie: change_start_station
Gekozen functie: mutate_trajectories
Gekozen functie: separate_traject
Gekozen functie: separate_traject
Gekozen functie: change_start_station
Gekozen functie: delete_last_connection
Gekozen functie: mutate_trajectories
Gekozen functie: delete_last_connection
Gekozen functie: separate_traject
Gekozen functie: mutate_trajectories
Gekozen functie: mutate_trajectories
Gekozen functie: change_start_station
Gekozen functie: change_start_station
Gekozen functie: delete_last_connection
Gekozen functie: mutate_trajectories
Gekozen functie: delete_last_connection
Gekozen functie: change_start_station
Gekozen functie: delete_last_connection
Gekozen functie: delete_last_connection
Gekozen functie: change_start_station
Gekozen functie: separate_traject
Gekozen functie: mutate_trajectories
Gekozen functie: mutate_trajectories
Gekozen functie: delete_last_connection
Gekozen functie: delete_last_connection
Gekozen functie: change_start_station
Gekozen functie: change_start_station
Gekozen functie: mutate_trajectories
Gekozen functie: delete_last_connection
Gekozen functie: mutate_trajectories
Gekozen functie: delete_last_connection
Gekozen functie: delete_last_connection
Gekozen functie: separate_traject
Gekozen functie: separate_traject
Gekozen functie: separate_traject
Gekozen functie: change_start_station
Gekozen functie: separate_traject
Gekozen functie: delete_last_connection
Gekozen functie: change_start_station
Gekozen functie: separate_traject
Gekozen functie: change_start_station
Gekozen functie: separate_traject
Gekozen functie: delete_last_connection
