"Gekozen functie: change_start_station, 6729.285714285714"
"Gekozen functie: delete_last_connection, 6742.285714285714"
"Gekozen functie: change_start_station, 6767.285714285714"
"Gekozen functie: change_start_station, 6778.285714285714"
"Gekozen functie: change_start_station, 6791.285714285714"
"Gekozen functie: delete_last_connection, 6799.285714285714"
"Gekozen functie: change_start_station, 6824.285714285714"
"Gekozen functie: delete_last_connection, 6836.285714285714"
Gekozen functie: delete_last_connection
"Gekozen functie: change_start_station, 6848.285714285714"
"Gekozen functie: delete_last_connection, 6856.285714285714"
Gekozen functie: delete_last_connection
"Gekozen functie: change_start_station, 6862.285714285714"
"Gekozen functie: delete_last_connection, 6872.285714285714"
"Gekozen functie: delete_last_connection, 6888.285714285714"
"Gekozen functie: change_start_station, 6914.285714285714"
"Gekozen functie: delete_last_connection, 6925.285714285714"
Gekozen functie: change_start_station
"Gekozen functie: change_start_station, 6941.285714285714"
"Gekozen functie: change_start_station, 6947.285714285714"
"Gekozen functie: delete_last_connection, 6966.285714285714"
Gekozen functie: change_start_station
"Gekozen functie: change_start_station, 6972.285714285714"
Gekozen functie: change_start_station
Gekozen functie: change_start_station
Gekozen functie: delete_last_connection
Gekozen functie: change_start_station
Gekozen functie: delete_last_connection
Gekozen functie: change_start_station
"Gekozen functie: change_start_station, 6984.285714285714"
"Gekozen functie: delete_last_connection, 7000.285714285714"
Gekozen functie: change_start_station
Gekozen functie: delete_last_connection
Gekozen functie: delete_last_connection
"Gekozen functie: change_start_station, 7018.285714285714"
Gekozen functie: delete_last_connection
"Gekozen functie: delete_last_connection, 7029.285714285714"
Gekozen functie: change_start_station
"Gekozen functie: delete_last_connection, 7041.285714285714"
Gekozen functie: change_start_station
"Gekozen functie: change_start_station, 7056.285714285714"
Gekozen functie: change_start_station
Gekozen functie: delete_last_connection
Gekozen functie: change_start_station
"Gekozen functie: delete_last_connection, 7071.285714285714"
Gekozen functie: change_start_station
Gekozen functie: change_start_station
Gekozen functie: change_start_station
Gekozen functie: change_start_station
"Gekozen functie: change_start_station, 7089.285714285714"
Gekozen functie: delete_last_connection
Gekozen functie: delete_last_connection
Gekozen functie: delete_last_connection
Gekozen functie: delete_last_connection
Gekozen functie: change_start_station
Gekozen functie: change_start_station
Gekozen functie: delete_last_connection
Gekozen functie: delete_last_connection
"Gekozen functie: change_start_station, 7101.285714285714"
Gekozen functie: delete_last_connection
Gekozen functie: delete_last_connection
Gekozen functie: delete_last_connection
Gekozen functie: change_start_station
Gekozen functie: change_start_station
Gekozen functie: delete_last_connection
Gekozen functie: delete_last_connection
Gekozen functie: delete_last_connection
Gekozen functie: delete_last_connection
Gekozen functie: change_start_station
Gekozen functie: change_start_station
Gekozen functie: delete_last_connection
Gekozen functie: delete_last_connection
Gekozen functie: change_start_station
"Gekozen functie: delete_last_connection, 7112.285714285714"
Gekozen functie: change_start_station
"Gekozen functie: delete_last_connection, 7118.285714285714"
Gekozen functie: delete_last_connection
Gekozen functie: delete_last_connection
Gekozen functie: change_start_station
Gekozen functie: change_start_station
Gekozen functie: delete_last_connection
Gekozen functie: change_start_station
Gekozen functie: delete_last_connection
Gekozen functie: delete_last_connection
Gekozen functie: delete_last_connection
Gekozen functie: change_start_station
"Gekozen functie: change_start_station, 7125.285714285714"
Gekozen functie: delete_last_connection
Gekozen functie: change_start_station
Gekozen functie: change_start_station
Gekozen functie: change_start_station
Gekozen functie: change_start_station
Gekozen functie: delete_last_connection
Gekozen functie: delete_last_connection
Gekozen functie: delete_last_connection
Gekozen functie: change_start_station
Gekozen functie: change_start_station
Gekozen functie: delete_last_connection
Gekozen functie: delete_last_connection
Gekozen functie: change_start_station
Gekozen functie: delete_last_connection
Gekozen functie: change_start_station
Gekozen functie: change_start_station
Gekozen functie: delete_last_connection
Gekozen functie: delete_last_connection
Gekozen functie: delete_last_connection
Gekozen functie: delete_last_connection
Gekozen functie: delete_last_connection
Gekozen functie: delete_last_connection
Gekozen functie: change_start_station
Gekozen functie: delete_last_connection
"Gekozen functie: delete_last_connection, 7131.285714285714"
Gekozen functie: change_start_station
Gekozen functie: change_start_station
Gekozen functie: delete_last_connection
Gekozen functie: change_start_station
Gekozen functie: delete_last_connection
Gekozen functie: delete_last_connection
Gekozen functie: delete_last_connection
Gekozen functie: delete_last_connection
Gekozen functie: change_start_station
Gekozen functie: change_start_station
"Gekozen functie: delete_last_connection, 7137.285714285714"
Gekozen functie: delete_last_connection
Gekozen functie: delete_last_connection
Gekozen functie: change_start_station
Gekozen functie: change_start_station
Gekozen functie: change_start_station
Gekozen functie: delete_last_connection
Gekozen functie: delete_last_connection
Gekozen functie: delete_last_connection
Gekozen functie: delete_last_connection
Gekozen functie: delete_last_connection
Gekozen functie: change_start_station
Gekozen functie: delete_last_connection
Gekozen functie: change_start_station
Gekozen functie: change_start_station
Gekozen functie: change_start_station
Gekozen functie: delete_last_connection
Gekozen functie: delete_last_connection
Gekozen functie: change_start_station
Gekozen functie: delete_last_connection
Gekozen functie: change_start_station
Gekozen functie: change_start_station
Gekozen functie: delete_last_connection
Gekozen functie: change_start_station
Gekozen functie: change_start_station
Gekozen functie: delete_last_connection
Gekozen functie: delete_last_connection
Gekozen functie: delete_last_connection
Gekozen functie: change_start_station
Gekozen functie: delete_last_connection
Gekozen functie: change_start_station
Gekozen functie: change_start_station
Gekozen functie: delete_last_connection
Gekozen functie: change_start_station
Gekozen functie: delete_last_connection
Gekozen functie: delete_last_connection
Gekozen functie: delete_last_connection
Gekozen functie: delete_last_connection
Gekozen functie: change_start_station
Gekozen functie: change_start_station
Gekozen functie: delete_last_connection
Gekozen functie: delete_last_connection
Gekozen functie: change_start_station
Gekozen functie: delete_last_connection
Gekozen functie: delete_last_connection
Gekozen functie: delete_last_connection
Gekozen functie: change_start_station
Gekozen functie: delete_last_connection
Gekozen functie: change_start_station
Gekozen functie: delete_last_connection
Gekozen functie: delete_last_connection
Gekozen functie: change_start_station
Gekozen functie: delete_last_connection
Gekozen functie: change_start_station
Gekozen functie: delete_last_connection
Gekozen functie: delete_last_connection
Gekozen functie: delete_last_connection
Gekozen functie: delete_last_connection
Gekozen functie: change_start_station
Gekozen functie: change_start_station
Gekozen functie: delete_last_connection
Gekozen functie: delete_last_connection
Gekozen functie: delete_last_connection
Gekozen functie: change_start_station
Gekozen functie: delete_last_connection
Gekozen functie: delete_last_connection
Gekozen functie: change_start_station
Gekozen functie: delete_last_connection
Gekozen functie: change_start_station
Gekozen functie: delete_last_connection
Gekozen functie: delete_last_connection
Gekozen functie: change_start_station
Gekozen functie: change_start_station
Gekozen functie: change_start_station
Gekozen functie: change_start_station
Gekozen functie: delete_last_connection
Gekozen functie: delete_last_connection
Gekozen functie: delete_last_connection
Gekozen functie: delete_last_connection
Gekozen functie: delete_last_connection
Gekozen functie: delete_last_connection
Gekozen functie: change_start_station
Gekozen functie: change_start_station
Gekozen functie: delete_last_connection
Gekozen functie: change_start_station
Gekozen functie: change_start_station
Gekozen functie: delete_last_connection
Gekozen functie: delete_last_connection
Gekozen functie: delete_last_connection
Gekozen functie: delete_last_connection
Gekozen functie: change_start_station
Gekozen functie: delete_last_connection
Gekozen functie: delete_last_connection
Gekozen functie: delete_last_connection
Gekozen functie: change_start_station
Gekozen functie: delete_last_connection
Gekozen functie: change_start_station
Gekozen functie: change_start_station
Gekozen functie: change_start_station
Gekozen functie: delete_last_connection
Gekozen functie: delete_last_connection
Gekozen functie: change_start_station
Gekozen functie: delete_last_connection
Gekozen functie: delete_last_connection
Gekozen functie: delete_last_connection
Gekozen functie: change_start_station
Gekozen functie: change_start_station
Gekozen functie: change_start_station
Gekozen functie: change_start_station
Gekozen functie: change_start_station
Gekozen functie: change_start_station
Gekozen functie: change_start_station
Gekozen functie: change_start_station
Gekozen functie: delete_last_connection
Gekozen functie: delete_last_connection
Gekozen functie: change_start_station
Gekozen functie: change_start_station
Gekozen functie: delete_last_connection
Gekozen functie: delete_last_connection
Gekozen functie: change_start_station
Gekozen functie: delete_last_connection
Gekozen functie: change_start_station
Gekozen functie: delete_last_connection
Gekozen functie: delete_last_connection
Gekozen functie: delete_last_connection
Gekozen functie: change_start_station
Gekozen functie: change_start_station
Gekozen functie: change_start_station
Gekozen functie: change_start_station
Gekozen functie: change_start_station
Gekozen functie: change_start_station
Gekozen functie: delete_last_connection
Gekozen functie: delete_last_connection
Gekozen functie: delete_last_connection
Gekozen functie: delete_last_connection
Gekozen functie: delete_last_connection
Gekozen functie: change_start_station
Gekozen functie: change_start_station
Gekozen functie: delete_last_connection
Gekozen functie: delete_last_connection
Gekozen functie: change_start_station
Gekozen functie: delete_last_connection
Gekozen functie: change_start_station
Gekozen functie: change_start_station
Gekozen functie: change_start_station
Gekozen functie: delete_last_connection
Gekozen functie: change_start_station
Gekozen functie: change_start_station
Gekozen functie: delete_last_connection
Gekozen functie: change_start_station
Gekozen functie: delete_last_connection
Gekozen functie: delete_last_connection
Gekozen functie: delete_last_connection
Gekozen functie: delete_last_connection
Gekozen functie: change_start_station
Gekozen functie: change_start_station
Gekozen functie: delete_last_connection
Gekozen functie: delete_last_connection
Gekozen functie: change_start_station
Gekozen functie: change_start_station
Gekozen functie: change_start_station
Gekozen functie: delete_last_connection
Gekozen functie: delete_last_connection
Gekozen functie: change_start_station
Gekozen functie: delete_last_connection
Gekozen functie: change_start_station
Gekozen functie: delete_last_connection
Gekozen functie: delete_last_connection
Gekozen functie: delete_last_connection
Gekozen functie: delete_last_connection
Gekozen functie: delete_last_connection
Gekozen functie: delete_last_connection
Gekozen functie: change_start_station
Gekozen functie: change_start_station
Gekozen functie: change_start_station
Gekozen functie: delete_last_connection
Gekozen functie: change_start_station
Gekozen functie: delete_last_connection
Gekozen functie: delete_last_connection
Gekozen functie: change_start_station
Gekozen functie: change_start_station
Gekozen functie: delete_last_connection
Gekozen functie: change_start_station
Gekozen functie: delete_last_connection
Gekozen functie: change_start_station
Gekozen functie: change_start_station
Gekozen functie: delete_last_connection
Gekozen functie: change_start_station
Gekozen functie: delete_last_connection
Gekozen functie: change_start_station
Gekozen functie: delete_last_connection
Gekozen functie: delete_last_connection
Gekozen functie: change_start_station
Gekozen functie: delete_last_connection
Gekozen functie: change_start_station
Gekozen functie: delete_last_connection
Gekozen functie: change_start_station
Gekozen functie: delete_last_connection
Gekozen functie: delete_last_connection
Gekozen functie: change_start_station
Gekozen functie: change_start_station
Gekozen functie: delete_last_connection
Gekozen functie: delete_last_connection
Gekozen functie: delete_last_connection
Gekozen functie: change_start_station
Gekozen functie: change_start_station
Gekozen functie: delete_last_connection
Gekozen functie: change_start_station
Gekozen functie: change_start_station
Gekozen functie: delete_last_connection
Gekozen functie: change_start_station
Gekozen functie: change_start_station
Gekozen functie: change_start_station
Gekozen functie: delete_last_connection
Gekozen functie: change_start_station
Gekozen functie: change_start_station
Gekozen functie: delete_last_connection
Gekozen functie: change_start_station
Gekozen functie: delete_last_connection
Gekozen functie: delete_last_connection
Gekozen functie: change_start_station
Gekozen functie: change_start_station
Gekozen functie: delete_last_connection
Gekozen functie: change_start_station
Gekozen functie: change_start_station
Gekozen functie: change_start_station
Gekozen functie: change_start_station
Gekozen functie: delete_last_connection
Gekozen functie: change_start_station
Gekozen functie: delete_last_connection
Gekozen functie: change_start_station
Gekozen functie: delete_last_connection
Gekozen functie: delete_last_connection
Gekozen functie: delete_last_connection
Gekozen functie: delete_last_connection
Gekozen functie: delete_last_connection
Gekozen functie: delete_last_connection
Gekozen functie: change_start_station
Gekozen functie: delete_last_connection
Gekozen functie: change_start_station
Gekozen functie: delete_last_connection
Gekozen functie: delete_last_connection
Gekozen functie: change_start_station
Gekozen functie: change_start_station
Gekozen functie: change_start_station
Gekozen functie: delete_last_connection
Gekozen functie: delete_last_connection
Gekozen functie: change_start_station
Gekozen functie: delete_last_connection
Gekozen functie: change_start_station
Gekozen functie: delete_last_connection
Gekozen functie: delete_last_connection
Gekozen functie: change_start_station
Gekozen functie: change_start_station
Gekozen functie: change_start_station
Gekozen functie: change_start_station
Gekozen functie: delete_last_connection
Gekozen functie: change_start_station
Gekozen functie: change_start_station
Gekozen functie: change_start_station
Gekozen functie: change_start_station
Gekozen functie: change_start_station
Gekozen functie: delete_last_connection
Gekozen functie: change_start_station
Gekozen functie: change_start_station
Gekozen functie: delete_last_connection
Gekozen functie: delete_last_connection
Gekozen functie: change_start_station
Gekozen functie: change_start_station
Gekozen functie: delete_last_connection
Gekozen functie: delete_last_connection
Gekozen functie: change_start_station
Gekozen functie: change_start_station
Gekozen functie: change_start_station
Gekozen functie: change_start_station
Gekozen functie: change_start_station
Gekozen functie: change_start_station
Gekozen functie: change_start_station
Gekozen functie: delete_last_connection
Gekozen functie: delete_last_connection
Gekozen functie: change_start_station
Gekozen functie: change_start_station
Gekozen functie: change_start_station
Gekozen functie: delete_last_connection
Gekozen functie: change_start_station
Gekozen functie: change_start_station
Gekozen functie: change_start_station
Gekozen functie: change_start_station
Gekozen functie: change_start_station
Gekozen functie: change_start_station
Gekozen functie: change_start_station
Gekozen functie: delete_last_connection
Gekozen functie: change_start_station
Gekozen functie: delete_last_connection
Gekozen functie: delete_last_connection
Gekozen functie: change_start_station
Gekozen functie: delete_last_connection
Gekozen functie: delete_last_connection
Gekozen functie: change_start_station
Gekozen functie: delete_last_connection
Gekozen functie: change_start_station
Gekozen functie: change_start_station
Gekozen functie: change_start_station
Gekozen functie: delete_last_connection
Gekozen functie: delete_last_connection
Gekozen functie: delete_last_connection
Gekozen functie: change_start_station
Gekozen functie: change_start_station
Gekozen functie: change_start_station
Gekozen functie: delete_last_connection
Gekozen functie: change_start_station
Gekozen functie: change_start_station
Gekozen functie: change_start_station
Gekozen functie: delete_last_connection
Gekozen functie: delete_last_connection
Gekozen functie: delete_last_connection
Gekozen functie: delete_last_connection
Gekozen functie: change_start_station
Gekozen functie: delete_last_connection
Gekozen functie: change_start_station
Gekozen functie: change_start_station
Gekozen functie: change_start_station
Gekozen functie: change_start_station
Gekozen functie: change_start_station
Gekozen functie: change_start_station
Gekozen functie: change_start_station
Gekozen functie: delete_last_connection
Gekozen functie: delete_last_connection
Gekozen functie: delete_last_connection
Gekozen functie: delete_last_connection
Gekozen functie: change_start_station
Gekozen functie: delete_last_connection
Gekozen functie: delete_last_connection
Gekozen functie: delete_last_connection
Gekozen functie: delete_last_connection
Gekozen functie: change_start_station
Gekozen functie: delete_last_connection
Gekozen functie: change_start_station
Gekozen functie: change_start_station
Gekozen functie: delete_last_connection
Gekozen functie: delete_last_connection
Gekozen functie: delete_last_connection
Gekozen functie: change_start_station
Gekozen functie: change_start_station
Gekozen functie: change_start_station
Gekozen functie: change_start_station
Gekozen functie: change_start_station
Gekozen functie: change_start_station
Gekozen functie: change_start_station
Gekozen functie: delete_last_connection
Gekozen functie: change_start_station
Gekozen functie: delete_last_connection
Gekozen functie: change_start_station
Gekozen functie: delete_last_connection
Gekozen functie: delete_last_connection
Gekozen functie: delete_last_connection
Gekozen functie: change_start_station
Gekozen functie: change_start_station
Gekozen functie: delete_last_connection
Gekozen functie: delete_last_connection
Gekozen functie: delete_last_connection
Gekozen functie: change_start_station
Gekozen functie: change_start_station
Gekozen functie: change_start_station
Gekozen functie: change_start_station
Gekozen functie: change_start_station
Gekozen functie: change_start_station
Gekozen functie: change_start_station
Gekozen functie: change_start_station
Gekozen functie: change_start_station
Gekozen functie: change_start_station
Gekozen functie: delete_last_connection
Gekozen functie: change_start_station
Gekozen functie: delete_last_connection
Gekozen functie: delete_last_connection
Gekozen functie: change_start_station
Gekozen functie: delete_last_connection
Gekozen functie: delete_last_connection
Gekozen functie: change_start_station
Gekozen functie: change_start_station
Gekozen functie: change_start_station
Gekozen functie: delete_last_connection
Gekozen functie: delete_last_connection
Gekozen functie: change_start_station
Gekozen functie: delete_last_connection
Gekozen functie: change_start_station
Gekozen functie: change_start_station
Gekozen functie: delete_last_connection
Gekozen functie: change_start_station
Gekozen functie: delete_last_connection
Gekozen functie: change_start_station
Gekozen functie: change_start_station
Gekozen functie: delete_last_connection
Gekozen functie: delete_last_connection
Gekozen functie: delete_last_connection
Gekozen functie: delete_last_connection
Gekozen functie: delete_last_connection
Gekozen functie: delete_last_connection
Gekozen functie: delete_last_connection
Gekozen functie: delete_last_connection
Gekozen functie: change_start_station
Gekozen functie: delete_last_connection
Gekozen functie: change_start_station
Gekozen functie: change_start_station
Gekozen functie: delete_last_connection
Gekozen functie: delete_last_connection
Gekozen functie: delete_last_connection
Gekozen functie: delete_last_connection
Gekozen functie: change_start_station
Gekozen functie: delete_last_connection
Gekozen functie: delete_last_connection
Gekozen functie: delete_last_connection
Gekozen functie: delete_last_connection
Gekozen functie: change_start_station
Gekozen functie: delete_last_connection
Gekozen functie: change_start_station
Gekozen functie: change_start_station
Gekozen functie: delete_last_connection
Gekozen functie: change_start_station
Gekozen functie: delete_last_connection
Gekozen functie: delete_last_connection
Gekozen functie: delete_last_connection
Gekozen functie: change_start_station
Gekozen functie: delete_last_connection
Gekozen functie: delete_last_connection
Gekozen functie: delete_last_connection
Gekozen functie: change_start_station
Gekozen functie: delete_last_connection
Gekozen functie: change_start_station
Gekozen functie: change_start_station
Gekozen functie: change_start_station
Gekozen functie: delete_last_connection
Gekozen functie: delete_last_connection
Gekozen functie: delete_last_connection
Gekozen functie: delete_last_connection
Gekozen functie: delete_last_connection
Gekozen functie: change_start_station
Gekozen functie: change_start_station
Gekozen functie: change_start_station
Gekozen functie: change_start_station
Gekozen functie: change_start_station
Gekozen functie: delete_last_connection
Gekozen functie: change_start_station
Gekozen functie: change_start_station
Gekozen functie: change_start_station
Gekozen functie: delete_last_connection
Gekozen functie: delete_last_connection
Gekozen functie: change_start_station
Gekozen functie: delete_last_connection
Gekozen functie: change_start_station
Gekozen functie: delete_last_connection
Gekozen functie: change_start_station
Gekozen functie: delete_last_connection
Gekozen functie: delete_last_connection
Gekozen functie: delete_last_connection
Gekozen functie: delete_last_connection
Gekozen functie: delete_last_connection
Gekozen functie: delete_last_connection
Gekozen functie: delete_last_connection
Gekozen functie: change_start_station
Gekozen functie: change_start_station
Gekozen functie: delete_last_connection
Gekozen functie: change_start_station
Gekozen functie: change_start_station
Gekozen functie: change_start_station
Gekozen functie: delete_last_connection
Gekozen functie: change_start_station
Gekozen functie: change_start_station
Gekozen functie: delete_last_connection
Gekozen functie: delete_last_connection
Gekozen functie: change_start_station
Gekozen functie: delete_last_connection
Gekozen functie: change_start_station
Gekozen functie: change_start_station
Gekozen functie: delete_last_connection
Gekozen functie: delete_last_connection
Gekozen functie: delete_last_connection
Gekozen functie: delete_last_connection
Gekozen functie: change_start_station
Gekozen functie: delete_last_connection
Gekozen functie: change_start_station
Gekozen functie: delete_last_connection
Gekozen functie: delete_last_connection
Gekozen functie: delete_last_connection
Gekozen functie: delete_last_connection
Gekozen functie: change_start_station
Gekozen functie: delete_last_connection
Gekozen functie: delete_last_connection
Gekozen functie: change_start_station
Gekozen functie: change_start_station
Gekozen functie: delete_last_connection
Gekozen functie: delete_last_connection
Gekozen functie: change_start_station
Gekozen functie: delete_last_connection
Gekozen functie: delete_last_connection
Gekozen functie: change_start_station
Gekozen functie: delete_last_connection
Gekozen functie: delete_last_connection
Gekozen functie: change_start_station
Gekozen functie: delete_last_connection
Gekozen functie: delete_last_connection
Gekozen functie: change_start_station
Gekozen functie: delete_last_connection
Gekozen functie: delete_last_connection
Gekozen functie: change_start_station
Gekozen functie: change_start_station
Gekozen functie: delete_last_connection
Gekozen functie: delete_last_connection
Gekozen functie: change_start_station
Gekozen functie: delete_last_connection
Gekozen functie: change_start_station
Gekozen functie: change_start_station
Gekozen functie: change_start_station
Gekozen functie: delete_last_connection
Gekozen functie: change_start_station
Gekozen functie: change_start_station
Gekozen functie: change_start_station
Gekozen functie: change_start_station
Gekozen functie: change_start_station
Gekozen functie: delete_last_connection
Gekozen functie: change_start_station
Gekozen functie: change_start_station
Gekozen functie: change_start_station
Gekozen functie: delete_last_connection
Gekozen functie: change_start_station
Gekozen functie: change_start_station
Gekozen functie: delete_last_connection
Gekozen functie: change_start_station
Gekozen functie: change_start_station
Gekozen functie: change_start_station
Gekozen functie: delete_last_connection
Gekozen functie: delete_last_connection
Gekozen functie: delete_last_connection
Gekozen functie: delete_last_connection
Gekozen functie: delete_last_connection
Gekozen functie: change_start_station
Gekozen functie: change_start_station
Gekozen functie: delete_last_connection
Gekozen functie: delete_last_connection
Gekozen functie: change_start_station
Gekozen functie: delete_last_connection
Gekozen functie: change_start_station
Gekozen functie: change_start_station
Gekozen functie: delete_last_connection
Gekozen functie: change_start_station
Gekozen functie: change_start_station
Gekozen functie: delete_last_connection
Gekozen functie: delete_last_connection
Gekozen functie: change_start_station
Gekozen functie: delete_last_connection
Gekozen functie: change_start_station
Gekozen functie: change_start_station
Gekozen functie: delete_last_connection
Gekozen functie: delete_last_connection
Gekozen functie: change_start_station
Gekozen functie: change_start_station
Gekozen functie: change_start_station
Gekozen functie: change_start_station
Gekozen functie: change_start_station
Gekozen functie: change_start_station
Gekozen functie: delete_last_connection
Gekozen functie: change_start_station
Gekozen functie: change_start_station
Gekozen functie: delete_last_connection
Gekozen functie: change_start_station
Gekozen functie: delete_last_connection
Gekozen functie: change_start_station
Gekozen functie: delete_last_connection
Gekozen functie: delete_last_connection
Gekozen functie: change_start_station
Gekozen functie: delete_last_connection
Gekozen functie: change_start_station
Gekozen functie: change_start_station
Gekozen functie: delete_last_connection
Gekozen functie: delete_last_connection
Gekozen functie: delete_last_connection
Gekozen functie: change_start_station
Gekozen functie: change_start_station
Gekozen functie: delete_last_connection
Gekozen functie: delete_last_connection
Gekozen functie: change_start_station
Gekozen functie: change_start_station
Gekozen functie: delete_last_connection
Gekozen functie: delete_last_connection
Gekozen functie: delete_last_connection
Gekozen functie: delete_last_connection
Gekozen functie: change_start_station
Gekozen functie: delete_last_connection
Gekozen functie: delete_last_connection
Gekozen functie: change_start_station
Gekozen functie: delete_last_connection
Gekozen functie: delete_last_connection
Gekozen functie: change_start_station
Gekozen functie: delete_last_connection
Gekozen functie: delete_last_connection
Gekozen functie: change_start_station
Gekozen functie: change_start_station
Gekozen functie: delete_last_connection
Gekozen functie: change_start_station
Gekozen functie: change_start_station
Gekozen functie: change_start_station
Gekozen functie: change_start_station
Gekozen functie: change_start_station
Gekozen functie: change_start_station
Gekozen functie: delete_last_connection
Gekozen functie: delete_last_connection
Gekozen functie: change_start_station
Gekozen functie: change_start_station
Gekozen functie: delete_last_connection
Gekozen functie: change_start_station
Gekozen functie: delete_last_connection
Gekozen functie: change_start_station
Gekozen functie: change_start_station
Gekozen functie: change_start_station
Gekozen functie: delete_last_connection
Gekozen functie: delete_last_connection
Gekozen functie: delete_last_connection
Gekozen functie: change_start_station
Gekozen functie: delete_last_connection
Gekozen functie: delete_last_connection
Gekozen functie: change_start_station
Gekozen functie: change_start_station
Gekozen functie: change_start_station
Gekozen functie: delete_last_connection
Gekozen functie: change_start_station
Gekozen functie: delete_last_connection
Gekozen functie: delete_last_connection
Gekozen functie: change_start_station
Gekozen functie: delete_last_connection
Gekozen functie: change_start_station
Gekozen functie: delete_last_connection
Gekozen functie: delete_last_connection
Gekozen functie: change_start_station
Gekozen functie: delete_last_connection
Gekozen functie: change_start_station
Gekozen functie: delete_last_connection
Gekozen functie: delete_last_connection
Gekozen functie: change_start_station
Gekozen functie: delete_last_connection
Gekozen functie: change_start_station
Gekozen functie: change_start_station
Gekozen functie: change_start_station
Gekozen functie: delete_last_connection
Gekozen functie: delete_last_connection
Gekozen functie: delete_last_connection
Gekozen functie: delete_last_connection
Gekozen functie: change_start_station
Gekozen functie: delete_last_connection
Gekozen functie: delete_last_connection
Gekozen functie: delete_last_connection
Gekozen functie: change_start_station
Gekozen functie: change_start_station
Gekozen functie: delete_last_connection
Gekozen functie: delete_last_connection
Gekozen functie: change_start_station
Gekozen functie: delete_last_connection
Gekozen functie: delete_last_connection
Gekozen functie: change_start_station
Gekozen functie: change_start_station
Gekozen functie: change_start_station
Gekozen functie: change_start_station
Gekozen functie: change_start_station
Gekozen functie: delete_last_connection
Gekozen functie: change_start_station
Gekozen functie: delete_last_connection
Gekozen functie: change_start_station
Gekozen functie: delete_last_connection
Gekozen functie: delete_last_connection
Gekozen functie: delete_last_connection
Gekozen functie: change_start_station
Gekozen functie: change_start_station
Gekozen functie: delete_last_connection
Gekozen functie: delete_last_connection
Gekozen functie: delete_last_connection
Gekozen functie: delete_last_connection
Gekozen functie: delete_last_connection
Gekozen functie: delete_last_connection
Gekozen functie: delete_last_connection
