"Gekozen functie: delete_last_connection, 6737.285714285714"
Gekozen functie: mutate_trajectories
"Gekozen functie: delete_last_connection, 6762.285714285714"
Gekozen functie: mutate_trajectories
"Gekozen functie: delete_last_connection, 6774.285714285714"
Gekozen functie: mutate_trajectories
Gekozen functie: mutate_trajectories
Gekozen functie: mutate_trajectories
"Gekozen functie: mutate_trajectories, 6976.285714285714"
"Gekozen functie: delete_last_connection, 6988.285714285714"
Gekozen functie: delete_last_connection
Gekozen functie: mutate_trajectories
Gekozen functie: mutate_trajectories
"Gekozen functie: delete_last_connection, 6996.285714285714"
Gekozen functie: mutate_trajectories
Gekozen functie: mutate_trajectories
Gekozen functie: mutate_trajectories
Gekozen functie: mutate_trajectories
"Gekozen functie: delete_last_connection, 7007.285714285714"
"Gekozen functie: delete_last_connection, 7018.285714285714"
Gekozen functie: delete_last_connection
Gekozen functie: mutate_trajectories
Gekozen functie: mutate_trajectories
Gekozen functie: delete_last_connection
"Gekozen functie: delete_last_connection, 7031.285714285714"
"Gekozen functie: delete_last_connection, 7039.285714285714"
Gekozen functie: mutate_trajectories
Gekozen functie: delete_last_connection
Gekozen functie: mutate_trajectories
Gekozen functie: mutate_trajectories
Gekozen functie: mutate_trajectories
"Gekozen functie: delete_last_connection, 7049.285714285714"
Gekozen functie: mutate_trajectories
Gekozen functie: mutate_trajectories
Gekozen functie: delete_last_connection
Gekozen functie: delete_last_connection
"Gekozen functie: delete_last_connection, 7065.285714285714"
Gekozen functie: mutate_trajectories
Gekozen functie: mutate_trajectories
Gekozen functie: delete_last_connection
Gekozen functie: delete_last_connection
"Gekozen functie: delete_last_connection, 7081.285714285714"
Gekozen functie: mutate_trajectories
Gekozen functie: mutate_trajectories
"Gekozen functie: delete_last_connection, 7094.285714285714"
Gekozen functie: delete_last_connection
Gekozen functie: delete_last_connection
Gekozen functie: mutate_trajectories
Gekozen functie: mutate_trajectories
"Gekozen functie: delete_last_connection, 7107.285714285714"
Gekozen functie: delete_last_connection
Gekozen functie: mutate_trajectories
Gekozen functie: delete_last_connection
Gekozen functie: delete_last_connection
Gekozen functie: mutate_trajectories
Gekozen functie: mutate_trajectories
Gekozen functie: delete_last_connection
Gekozen functie: delete_last_connection
Gekozen functie: mutate_trajectories
Gekozen functie: mutate_trajectories
Gekozen functie: mutate_trajectories
"Gekozen functie: delete_last_connection, 7118.285714285714"
Gekozen functie: mutate_trajectories
Gekozen functie: mutate_trajectories
Gekozen functie: mutate_trajectories
Gekozen functie: delete_last_connection
Gekozen functie: delete_last_connection
"Gekozen functie: delete_last_connection, 7124.285714285714"
Gekozen functie: mutate_trajectories
Gekozen functie: mutate_trajectories
Gekozen functie: delete_last_connection
"Gekozen functie: delete_last_connection, 7137.285714285714"
Gekozen functie: mutate_trajectories
Gekozen functie: mutate_trajectories
Gekozen functie: delete_last_connection
Gekozen functie: mutate_trajectories
Gekozen functie: mutate_trajectories
Gekozen functie: delete_last_connection
Gekozen functie: delete_last_connection
Gekozen functie: delete_last_connection
Gekozen functie: delete_last_connection
Gekozen functie: mutate_trajectories
Gekozen functie: delete_last_connection
Gekozen functie: delete_last_connection
Gekozen functie: delete_last_connection
Gekozen functie: delete_last_connection
Gekozen functie: delete_last_connection
Gekozen functie: delete_last_connection
Gekozen functie: delete_last_connection
Gekozen functie: mutate_trajectories
Gekozen functie: delete_last_connection
Gekozen functie: mutate_trajectories
Gekozen functie: delete_last_connection
Gekozen functie: delete_last_connection
Gekozen functie: delete_last_connection
Gekozen functie: delete_last_connection
"Gekozen functie: delete_last_connection, 7143.285714285714"
Gekozen functie: delete_last_connection
Gekozen functie: mutate_trajectories
Gekozen functie: mutate_trajectories
Gekozen functie: mutate_trajectories
Gekozen functie: mutate_trajectories
Gekozen functie: delete_last_connection
Gekozen functie: mutate_trajectories
Gekozen functie: delete_last_connection
Gekozen functie: mutate_trajectories
"Gekozen functie: delete_last_connection, 7149.285714285714"
Gekozen functie: mutate_trajectories
Gekozen functie: delete_last_connection
Gekozen functie: delete_last_connection
Gekozen functie: mutate_trajectories
Gekozen functie: mutate_trajectories
Gekozen functie: delete_last_connection
Gekozen functie: delete_last_connection
Gekozen functie: delete_last_connection
Gekozen functie: mutate_trajectories
Gekozen functie: mutate_trajectories
Gekozen functie: mutate_trajectories
Gekozen functie: mutate_trajectories
Gekozen functie: delete_last_connection
Gekozen functie: mutate_trajectories
Gekozen functie: mutate_trajectories
Gekozen functie: delete_last_connection
Gekozen functie: mutate_trajectories
Gekozen functie: delete_last_connection
Gekozen functie: delete_last_connection
Gekozen functie: mutate_trajectories
Gekozen functie: delete_last_connection
Gekozen functie: delete_last_connection
Gekozen functie: delete_last_connection
Gekozen functie: mutate_trajectories
Gekozen functie: mutate_trajectories
Gekozen functie: mutate_trajectories
Gekozen functie: delete_last_connection
Gekozen functie: delete_last_connection
Gekozen functie: delete_last_connection
Gekozen functie: delete_last_connection
Gekozen functie: delete_last_connection
Gekozen functie: delete_last_connection
Gekozen functie: delete_last_connection
Gekozen functie: delete_last_connection
Gekozen functie: delete_last_connection
Gekozen functie: delete_last_connection
Gekozen functie: delete_last_connection
Gekozen functie: mutate_trajectories
Gekozen functie: mutate_trajectories
Gekozen functie: mutate_trajectories
Gekozen functie: mutate_trajectories
Gekozen functie: mutate_trajectories
Gekozen functie: mutate_trajectories
Gekozen functie: delete_last_connection
Gekozen functie: delete_last_connection
Gekozen functie: delete_last_connection
Gekozen functie: delete_last_connection
Gekozen functie: delete_last_connection
Gekozen functie: mutate_trajectories
Gekozen functie: delete_last_connection
Gekozen functie: mutate_trajectories
Gekozen functie: delete_last_connection
Gekozen functie: delete_last_connection
Gekozen functie: mutate_trajectories
Gekozen functie: mutate_trajectories
Gekozen functie: mutate_trajectories
Gekozen functie: delete_last_connection
Gekozen functie: mutate_trajectories
Gekozen functie: delete_last_connection
Gekozen functie: delete_last_connection
Gekozen functie: delete_last_connection
Gekozen functie: delete_last_connection
Gekozen functie: mutate_trajectories
Gekozen functie: mutate_trajectories
Gekozen functie: delete_last_connection
Gekozen functie: delete_last_connection
Gekozen functie: delete_last_connection
Gekozen functie: delete_last_connection
Gekozen functie: mutate_trajectories
Gekozen functie: mutate_trajectories
Gekozen functie: mutate_trajectories
Gekozen functie: delete_last_connection
Gekozen functie: delete_last_connection
Gekozen functie: delete_last_connection
Gekozen functie: delete_last_connection
Gekozen functie: delete_last_connection
Gekozen functie: delete_last_connection
Gekozen functie: delete_last_connection
Gekozen functie: mutate_trajectories
Gekozen functie: mutate_trajectories
Gekozen functie: delete_last_connection
Gekozen functie: delete_last_connection
Gekozen functie: delete_last_connection
Gekozen functie: mutate_trajectories
Gekozen functie: mutate_trajectories
Gekozen functie: delete_last_connection
Gekozen functie: mutate_trajectories
Gekozen functie: mutate_trajectories
Gekozen functie: mutate_trajectories
Gekozen functie: delete_last_connection
Gekozen functie: mutate_trajectories
Gekozen functie: mutate_trajectories
Gekozen functie: mutate_trajectories
Gekozen functie: mutate_trajectories
Gekozen functie: delete_last_connection
Gekozen functie: delete_last_connection
Gekozen functie: delete_last_connection
Gekozen functie: mutate_trajectories
Gekozen functie: delete_last_connection
Gekozen functie: delete_last_connection
Gekozen functie: mutate_trajectories
Gekozen functie: mutate_trajectories
Gekozen functie: mutate_trajectories
Gekozen functie: mutate_trajectories
Gekozen functie: mutate_trajectories
Gekozen functie: mutate_trajectories
Gekozen functie: mutate_trajectories
Gekozen functie: delete_last_connection
Gekozen functie: mutate_trajectories
Gekozen functie: delete_last_connection
Gekozen functie: delete_last_connection
Gekozen functie: delete_last_connection
Gekozen functie: mutate_trajectories
Gekozen functie: delete_last_connection
Gekozen functie: delete_last_connection
Gekozen functie: mutate_trajectories
Gekozen functie: delete_last_connection
Gekozen functie: delete_last_connection
Gekozen functie: delete_last_connection
Gekozen functie: delete_last_connection
Gekozen functie: mutate_trajectories
Gekozen functie: delete_last_connection
Gekozen functie: mutate_trajectories
Gekozen functie: mutate_trajectories
Gekozen functie: delete_last_connection
Gekozen functie: mutate_trajectories
Gekozen functie: delete_last_connection
Gekozen functie: mutate_trajectories
Gekozen functie: delete_last_connection
Gekozen functie: mutate_trajectories
Gekozen functie: delete_last_connection
Gekozen functie: mutate_trajectories
Gekozen functie: mutate_trajectories
Gekozen functie: delete_last_connection
Gekozen functie: delete_last_connection
Gekozen functie: mutate_trajectories
Gekozen functie: delete_last_connection
Gekozen functie: delete_last_connection
Gekozen functie: mutate_trajectories
Gekozen functie: delete_last_connection
Gekozen functie: mutate_trajectories
Gekozen functie: delete_last_connection
Gekozen functie: mutate_trajectories
Gekozen functie: delete_last_connection
Gekozen functie: mutate_trajectories
Gekozen functie: mutate_trajectories
Gekozen functie: mutate_trajectories
Gekozen functie: mutate_trajectories
Gekozen functie: delete_last_connection
Gekozen functie: mutate_trajectories
Gekozen functie: mutate_trajectories
Gekozen functie: mutate_trajectories
Gekozen functie: delete_last_connection
Gekozen functie: delete_last_connection
Gekozen functie: delete_last_connection
Gekozen functie: delete_last_connection
Gekozen functie: mutate_trajectories
Gekozen functie: mutate_trajectories
Gekozen functie: delete_last_connection
Gekozen functie: delete_last_connection
Gekozen functie: delete_last_connection
Gekozen functie: delete_last_connection
Gekozen functie: delete_last_connection
Gekozen functie: mutate_trajectories
Gekozen functie: delete_last_connection
Gekozen functie: mutate_trajectories
Gekozen functie: delete_last_connection
Gekozen functie: mutate_trajectories
Gekozen functie: delete_last_connection
Gekozen functie: mutate_trajectories
Gekozen functie: mutate_trajectories
Gekozen functie: mutate_trajectories
Gekozen functie: delete_last_connection
Gekozen functie: delete_last_connection
Gekozen functie: mutate_trajectories
Gekozen functie: mutate_trajectories
Gekozen functie: mutate_trajectories
Gekozen functie: delete_last_connection
Gekozen functie: delete_last_connection
Gekozen functie: mutate_trajectories
Gekozen functie: mutate_trajectories
Gekozen functie: delete_last_connection
Gekozen functie: mutate_trajectories
Gekozen functie: delete_last_connection
Gekozen functie: mutate_trajectories
Gekozen functie: mutate_trajectories
Gekozen functie: delete_last_connection
Gekozen functie: mutate_trajectories
Gekozen functie: delete_last_connection
Gekozen functie: delete_last_connection
Gekozen functie: delete_last_connection
Gekozen functie: mutate_trajectories
Gekozen functie: delete_last_connection
Gekozen functie: mutate_trajectories
Gekozen functie: delete_last_connection
Gekozen functie: delete_last_connection
Gekozen functie: delete_last_connection
Gekozen functie: delete_last_connection
Gekozen functie: mutate_trajectories
Gekozen functie: delete_last_connection
Gekozen functie: mutate_trajectories
Gekozen functie: mutate_trajectories
Gekozen functie: delete_last_connection
Gekozen functie: delete_last_connection
Gekozen functie: delete_last_connection
Gekozen functie: mutate_trajectories
Gekozen functie: mutate_trajectories
Gekozen functie: mutate_trajectories
Gekozen functie: delete_last_connection
Gekozen functie: mutate_trajectories
Gekozen functie: delete_last_connection
Gekozen functie: delete_last_connection
Gekozen functie: delete_last_connection
Gekozen functie: mutate_trajectories
Gekozen functie: delete_last_connection
Gekozen functie: delete_last_connection
Gekozen functie: mutate_trajectories
Gekozen functie: delete_last_connection
Gekozen functie: delete_last_connection
Gekozen functie: mutate_trajectories
Gekozen functie: mutate_trajectories
Gekozen functie: mutate_trajectories
Gekozen functie: mutate_trajectories
Gekozen functie: mutate_trajectories
Gekozen functie: delete_last_connection
Gekozen functie: mutate_trajectories
Gekozen functie: delete_last_connection
Gekozen functie: delete_last_connection
Gekozen functie: mutate_trajectories
Gekozen functie: delete_last_connection
Gekozen functie: delete_last_connection
Gekozen functie: delete_last_connection
Gekozen functie: delete_last_connection
Gekozen functie: mutate_trajectories
Gekozen functie: delete_last_connection
Gekozen functie: mutate_trajectories
Gekozen functie: mutate_trajectories
Gekozen functie: delete_last_connection
Gekozen functie: mutate_trajectories
Gekozen functie: mutate_trajectories
Gekozen functie: mutate_trajectories
Gekozen functie: mutate_trajectories
Gekozen functie: delete_last_connection
Gekozen functie: mutate_trajectories
Gekozen functie: mutate_trajectories
Gekozen functie: delete_last_connection
Gekozen functie: delete_last_connection
Gekozen functie: mutate_trajectories
Gekozen functie: delete_last_connection
Gekozen functie: mutate_trajectories
Gekozen functie: delete_last_connection
Gekozen functie: delete_last_connection
Gekozen functie: delete_last_connection
Gekozen functie: delete_last_connection
Gekozen functie: delete_last_connection
Gekozen functie: delete_last_connection
Gekozen functie: mutate_trajectories
Gekozen functie: delete_last_connection
Gekozen functie: delete_last_connection
Gekozen functie: mutate_trajectories
Gekozen functie: mutate_trajectories
Gekozen functie: mutate_trajectories
Gekozen functie: delete_last_connection
Gekozen functie: mutate_trajectories
Gekozen functie: delete_last_connection
Gekozen functie: delete_last_connection
Gekozen functie: delete_last_connection
Gekozen functie: mutate_trajectories
Gekozen functie: delete_last_connection
Gekozen functie: delete_last_connection
Gekozen functie: mutate_trajectories
Gekozen functie: delete_last_connection
Gekozen functie: delete_last_connection
Gekozen functie: delete_last_connection
Gekozen functie: mutate_trajectories
Gekozen functie: mutate_trajectories
Gekozen functie: delete_last_connection
Gekozen functie: mutate_trajectories
Gekozen functie: mutate_trajectories
Gekozen functie: delete_last_connection
Gekozen functie: mutate_trajectories
Gekozen functie: delete_last_connection
Gekozen functie: delete_last_connection
Gekozen functie: delete_last_connection
Gekozen functie: delete_last_connection
Gekozen functie: delete_last_connection
Gekozen functie: mutate_trajectories
Gekozen functie: mutate_trajectories
Gekozen functie: mutate_trajectories
Gekozen functie: mutate_trajectories
Gekozen functie: delete_last_connection
Gekozen functie: mutate_trajectories
Gekozen functie: delete_last_connection
