"Gekozen functie: change_start_station, 6724.285714285714"
"Gekozen functie: change_start_station, 6735.285714285714"
Gekozen functie: change_start_station
Gekozen functie: mutate_trajectories
Gekozen functie: change_start_station
Gekozen functie: mutate_trajectories
Gekozen functie: mutate_trajectories
Gekozen functie: mutate_trajectories
"Gekozen functie: change_start_station, 6747.285714285714"
Gekozen functie: mutate_trajectories
Gekozen functie: mutate_trajectories
"Gekozen functie: change_start_station, 6772.285714285714"
"Gekozen functie: mutate_trajectories, 6974.285714285714"
Gekozen functie: mutate_trajectories
Gekozen functie: mutate_trajectories
Gekozen functie: mutate_trajectories
Gekozen functie: mutate_trajectories
Gekozen functie: mutate_trajectories
"Gekozen functie: change_start_station, 6985.285714285714"
"Gekozen functie: change_start_station, 6991.285714285714"
Gekozen functie: mutate_trajectories
Gekozen functie: mutate_trajectories
Gekozen functie: mutate_trajectories
"Gekozen functie: change_start_station, 7007.285714285714"
Gekozen functie: mutate_trajectories
Gekozen functie: mutate_trajectories
Gekozen functie: mutate_trajectories
Gekozen functie: mutate_trajectories
Gekozen functie: mutate_trajectories
"Gekozen functie: change_start_station, 7020.285714285714"
Gekozen functie: change_start_station
Gekozen functie: mutate_trajectories
"Gekozen functie: change_start_station, 7036.285714285714"
"Gekozen functie: change_start_station, 7061.285714285714"
"Gekozen functie: change_start_station, 7072.285714285714"
Gekozen functie: mutate_trajectories
"Gekozen functie: change_start_station, 7078.285714285714"
Gekozen functie: change_start_station
Gekozen functie: mutate_trajectories
Gekozen functie: mutate_trajectories
Gekozen functie: change_start_station
Gekozen functie: change_start_station
Gekozen functie: change_start_station
Gekozen functie: change_start_station
Gekozen functie: mutate_trajectories
"Gekozen functie: change_start_station, 7085.285714285714"
Gekozen functie: change_start_station
Gekozen functie: mutate_trajectories
Gekozen functie: change_start_station
Gekozen functie: change_start_station
Gekozen functie: change_start_station
Gekozen functie: change_start_station
"Gekozen functie: change_start_station, 7091.285714285714"
Gekozen functie: change_start_station
Gekozen functie: mutate_trajectories
"Gekozen functie: change_start_station, 7117.285714285714"
Gekozen functie: change_start_station
Gekozen functie: mutate_trajectories
Gekozen functie: change_start_station
Gekozen functie: change_start_station
Gekozen functie: mutate_trajectories
Gekozen functie: change_start_station
Gekozen functie: change_start_station
Gekozen functie: mutate_trajectories
Gekozen functie: mutate_trajectories
Gekozen functie: change_start_station
Gekozen functie: change_start_station
Gekozen functie: change_start_station
Gekozen functie: change_start_station
Gekozen functie: change_start_station
Gekozen functie: change_start_station
Gekozen functie: mutate_trajectories
Gekozen functie: mutate_trajectories
"Gekozen functie: change_start_station, 7123.285714285714"
Gekozen functie: mutate_trajectories
Gekozen functie: change_start_station
"Gekozen functie: change_start_station, 7129.285714285714"
Gekozen functie: mutate_trajectories
Gekozen functie: change_start_station
Gekozen functie: mutate_trajectories
Gekozen functie: mutate_trajectories
Gekozen functie: mutate_trajectories
Gekozen functie: mutate_trajectories
Gekozen functie: change_start_station
Gekozen functie: mutate_trajectories
Gekozen functie: mutate_trajectories
Gekozen functie: change_start_station
Gekozen functie: change_start_station
Gekozen functie: mutate_trajectories
Gekozen functie: change_start_station
Gekozen functie: mutate_trajectories
Gekozen functie: change_start_station
Gekozen functie: mutate_trajectories
Gekozen functie: mutate_trajectories
Gekozen functie: mutate_trajectories
Gekozen functie: mutate_trajectories
Gekozen functie: mutate_trajectories
Gekozen functie: mutate_trajectories
Gekozen functie: change_start_station
Gekozen functie: change_start_station
Gekozen functie: change_start_station
Gekozen functie: mutate_trajectories
Gekozen functie: change_start_station
Gekozen functie: mutate_trajectories
Gekozen functie: change_start_station
Gekozen functie: change_start_station
Gekozen functie: change_start_station
Gekozen functie: change_start_station
Gekozen functie: mutate_trajectories
Gekozen functie: mutate_trajectories
Gekozen functie: change_start_station
Gekozen functie: mutate_trajectories
Gekozen functie: mutate_trajectories
Gekozen functie: mutate_trajectories
Gekozen functie: change_start_station
Gekozen functie: change_start_station
Gekozen functie: change_start_station
Gekozen functie: mutate_trajectories
Gekozen functie: change_start_station
Gekozen functie: mutate_trajectories
Gekozen functie: mutate_trajectories
Gekozen functie: mutate_trajectories
Gekozen functie: mutate_trajectories
Gekozen functie: mutate_trajectories
Gekozen functie: change_start_station
Gekozen functie: change_start_station
Gekozen functie: change_start_station
Gekozen functie: mutate_trajectories
Gekozen functie: change_start_station
Gekozen functie: change_start_station
Gekozen functie: change_start_station
Gekozen functie: mutate_trajectories
Gekozen functie: change_start_station
Gekozen functie: mutate_trajectories
Gekozen functie: mutate_trajectories
Gekozen functie: change_start_station
Gekozen functie: change_start_station
Gekozen functie: change_start_station
Gekozen functie: mutate_trajectories
Gekozen functie: change_start_station
Gekozen functie: mutate_trajectories
Gekozen functie: change_start_station
Gekozen functie: mutate_trajectories
Gekozen functie: mutate_trajectories
Gekozen functie: mutate_trajectories
Gekozen functie: mutate_trajectories
Gekozen functie: mutate_trajectories
Gekozen functie: change_start_station
Gekozen functie: mutate_trajectories
Gekozen functie: mutate_trajectories
Gekozen functie: mutate_trajectories
Gekozen functie: mutate_trajectories
Gekozen functie: change_start_station
Gekozen functie: mutate_trajectories
Gekozen functie: mutate_trajectories
Gekozen functie: change_start_station
Gekozen functie: mutate_trajectories
Gekozen functie: change_start_station
Gekozen functie: change_start_station
Gekozen functie: mutate_trajectories
Gekozen functie: mutate_trajectories
Gekozen functie: change_start_station
Gekozen functie: mutate_trajectories
Gekozen functie: mutate_trajectories
Gekozen functie: mutate_trajectories
Gekozen functie: mutate_trajectories
Gekozen functie: mutate_trajectories
Gekozen functie: mutate_trajectories
Gekozen functie: mutate_trajectories
Gekozen functie: change_start_station
Gekozen functie: change_start_station
Gekozen functie: change_start_station
Gekozen functie: change_start_station
Gekozen functie: change_start_station
Gekozen functie: mutate_trajectories
Gekozen functie: change_start_station
Gekozen functie: mutate_trajectories
Gekozen functie: change_start_station
Gekozen functie: mutate_trajectories
Gekozen functie: mutate_trajectories
Gekozen functie: change_start_station
Gekozen functie: mutate_trajectories
Gekozen functie: mutate_trajectories
Gekozen functie: change_start_station
Gekozen functie: change_start_station
Gekozen functie: change_start_station
Gekozen functie: mutate_trajectories
Gekozen functie: change_start_station
Gekozen functie: change_start_station
Gekozen functie: change_start_station
Gekozen functie: change_start_station
Gekozen functie: change_start_station
Gekozen functie: change_start_station
Gekozen functie: mutate_trajectories
Gekozen functie: change_start_station
Gekozen functie: change_start_station
Gekozen functie: mutate_trajectories
Gekozen functie: change_start_station
Gekozen functie: mutate_trajectories
Gekozen functie: mutate_trajectories
Gekozen functie: change_start_station
Gekozen functie: change_start_station
Gekozen functie: mutate_trajectories
Gekozen functie: change_start_station
Gekozen functie: change_start_station
Gekozen functie: mutate_trajectories
Gekozen functie: mutate_trajectories
Gekozen functie: change_start_station
Gekozen functie: mutate_trajectories
Gekozen functie: change_start_station
Gekozen functie: change_start_station
Gekozen functie: change_start_station
Gekozen functie: mutate_trajectories
Gekozen functie: change_start_station
Gekozen functie: change_start_station
Gekozen functie: change_start_station
Gekozen functie: change_start_station
Gekozen functie: mutate_trajectories
Gekozen functie: mutate_trajectories
Gekozen functie: change_start_station
Gekozen functie: mutate_trajectories
Gekozen functie: change_start_station
Gekozen functie: mutate_trajectories
Gekozen functie: change_start_station
Gekozen functie: mutate_trajectories
Gekozen functie: change_start_station
Gekozen functie: change_start_station
Gekozen functie: mutate_trajectories
Gekozen functie: change_start_station
Gekozen functie: change_start_station
Gekozen functie: mutate_trajectories
Gekozen functie: mutate_trajectories
Gekozen functie: mutate_trajectories
Gekozen functie: change_start_station
Gekozen functie: change_start_station
Gekozen functie: mutate_trajectories
Gekozen functie: change_start_station
Gekozen functie: change_start_station
Gekozen functie: change_start_station
Gekozen functie: mutate_trajectories
Gekozen functie: change_start_station
Gekozen functie: mutate_trajectories
Gekozen functie: change_start_station
Gekozen functie: change_start_station
Gekozen functie: mutate_trajectories
Gekozen functie: change_start_station
Gekozen functie: mutate_trajectories
Gekozen functie: mutate_trajectories
Gekozen functie: mutate_trajectories
Gekozen functie: change_start_station
Gekozen functie: change_start_station
Gekozen functie: mutate_trajectories
Gekozen functie: mutate_trajectories
Gekozen functie: change_start_station
Gekozen functie: mutate_trajectories
Gekozen functie: change_start_station
Gekozen functie: change_start_station
Gekozen functie: mutate_trajectories
Gekozen functie: change_start_station
Gekozen functie: change_start_station
Gekozen functie: change_start_station
Gekozen functie: change_start_station
Gekozen functie: change_start_station
Gekozen functie: mutate_trajectories
Gekozen functie: mutate_trajectories
Gekozen functie: mutate_trajectories
Gekozen functie: change_start_station
Gekozen functie: mutate_trajectories
Gekozen functie: mutate_trajectories
Gekozen functie: mutate_trajectories
Gekozen functie: change_start_station
Gekozen functie: mutate_trajectories
Gekozen functie: mutate_trajectories
Gekozen functie: mutate_trajectories
Gekozen functie: change_start_station
Gekozen functie: change_start_station
Gekozen functie: change_start_station
Gekozen functie: change_start_station
Gekozen functie: change_start_station
Gekozen functie: mutate_trajectories
Gekozen functie: mutate_trajectories
Gekozen functie: change_start_station
Gekozen functie: change_start_station
Gekozen functie: mutate_trajectories
Gekozen functie: change_start_station
Gekozen functie: change_start_station
Gekozen functie: change_start_station
Gekozen functie: mutate_trajectories
Gekozen functie: mutate_trajectories
Gekozen functie: mutate_trajectories
Gekozen functie: change_start_station
Gekozen functie: mutate_trajectories
Gekozen functie: mutate_trajectories
Gekozen functie: mutate_trajectories
Gekozen functie: mutate_trajectories
Gekozen functie: change_start_station
Gekozen functie: change_start_station
Gekozen functie: mutate_trajectories
Gekozen functie: mutate_trajectories
Gekozen functie: mutate_trajectories
Gekozen functie: change_start_station
Gekozen functie: change_start_station
Gekozen functie: change_start_station
Gekozen functie: mutate_trajectories
Gekozen functie: mutate_trajectories
Gekozen functie: change_start_station
Gekozen functie: change_start_station
Gekozen functie: mutate_trajectories
Gekozen functie: change_start_station
Gekozen functie: change_start_station
Gekozen functie: mutate_trajectories
Gekozen functie: change_start_station
Gekozen functie: mutate_trajectories
Gekozen functie: change_start_station
Gekozen functie: change_start_station
Gekozen functie: mutate_trajectories
Gekozen functie: mutate_trajectories
Gekozen functie: mutate_trajectories
Gekozen functie: change_start_station
Gekozen functie: mutate_trajectories
Gekozen functie: mutate_trajectories
Gekozen functie: mutate_trajectories
Gekozen functie: mutate_trajectories
Gekozen functie: mutate_trajectories
Gekozen functie: change_start_station
Gekozen functie: mutate_trajectories
Gekozen functie: mutate_trajectories
Gekozen functie: mutate_trajectories
Gekozen functie: mutate_trajectories
Gekozen functie: mutate_trajectories
Gekozen functie: change_start_station
Gekozen functie: mutate_trajectories
Gekozen functie: mutate_trajectories
Gekozen functie: change_start_station
Gekozen functie: mutate_trajectories
Gekozen functie: change_start_station
Gekozen functie: mutate_trajectories
Gekozen functie: mutate_trajectories
Gekozen functie: change_start_station
Gekozen functie: mutate_trajectories
Gekozen functie: change_start_station
Gekozen functie: mutate_trajectories
Gekozen functie: change_start_station
Gekozen functie: mutate_trajectories
Gekozen functie: change_start_station
Gekozen functie: mutate_trajectories
Gekozen functie: mutate_trajectories
Gekozen functie: change_start_station
Gekozen functie: mutate_trajectories
Gekozen functie: mutate_trajectories
Gekozen functie: mutate_trajectories
Gekozen functie: change_start_station
Gekozen functie: change_start_station
Gekozen functie: mutate_trajectories
Gekozen functie: mutate_trajectories
Gekozen functie: mutate_trajectories
Gekozen functie: change_start_station
Gekozen functie: mutate_trajectories
Gekozen functie: mutate_trajectories
Gekozen functie: mutate_trajectories
Gekozen functie: mutate_trajectories
Gekozen functie: mutate_trajectories
Gekozen functie: change_start_station
Gekozen functie: mutate_trajectories
Gekozen functie: mutate_trajectories
Gekozen functie: change_start_station
Gekozen functie: change_start_station
Gekozen functie: change_start_station
Gekozen functie: mutate_trajectories
Gekozen functie: change_start_station
Gekozen functie: mutate_trajectories
Gekozen functie: change_start_station
Gekozen functie: mutate_trajectories
Gekozen functie: change_start_station
Gekozen functie: change_start_station
Gekozen functie: change_start_station
Gekozen functie: change_start_station
Gekozen functie: change_start_station
Gekozen functie: mutate_trajectories
Gekozen functie: change_start_station
Gekozen functie: change_start_station
Gekozen functie: change_start_station
Gekozen functie: mutate_trajectories
Gekozen functie: mutate_trajectories
Gekozen functie: mutate_trajectories
Gekozen functie: mutate_trajectories
Gekozen functie: change_start_station
Gekozen functie: mutate_trajectories
Gekozen functie: mutate_trajectories
Gekozen functie: change_start_station
Gekozen functie: change_start_station
Gekozen functie: mutate_trajectories
Gekozen functie: change_start_station
Gekozen functie: change_start_station
Gekozen functie: mutate_trajectories
Gekozen functie: mutate_trajectories
Gekozen functie: change_start_station
Gekozen functie: mutate_trajectories
Gekozen functie: mutate_trajectories
Gekozen functie: mutate_trajectories
Gekozen functie: mutate_trajectories
Gekozen functie: change_start_station
Gekozen functie: mutate_trajectories
Gekozen functie: change_start_station
Gekozen functie: change_start_station
Gekozen functie: mutate_trajectories
Gekozen functie: mutate_trajectories
Gekozen functie: change_start_station
Gekozen functie: mutate_trajectories
Gekozen functie: change_start_station
Gekozen functie: change_start_station
Gekozen functie: mutate_trajectories
Gekozen functie: mutate_trajectories
Gekozen functie: mutate_trajectories
Gekozen functie: mutate_trajectories
Gekozen functie: mutate_trajectories
Gekozen functie: change_start_station
Gekozen functie: change_start_station
Gekozen functie: change_start_station
Gekozen functie: mutate_trajectories
Gekozen functie: mutate_trajectories
Gekozen functie: mutate_trajectories
Gekozen functie: change_start_station
Gekozen functie: mutate_trajectories
Gekozen functie: mutate_trajectories
Gekozen functie: mutate_trajectories
Gekozen functie: change_start_station
Gekozen functie: change_start_station
Gekozen functie: change_start_station
Gekozen functie: mutate_trajectories
Gekozen functie: mutate_trajectories
Gekozen functie: mutate_trajectories
Gekozen functie: change_start_station
Gekozen functie: mutate_trajectories
Gekozen functie: mutate_trajectories
Gekozen functie: mutate_trajectories
Gekozen functie: change_start_station
Gekozen functie: mutate_trajectories
Gekozen functie: change_start_station
Gekozen functie: change_start_station
Gekozen functie: change_start_station
Gekozen functie: mutate_trajectories
Gekozen functie: change_start_station
Gekozen functie: mutate_trajectories
Gekozen functie: mutate_trajectories
Gekozen functie: change_start_station
Gekozen functie: change_start_station
Gekozen functie: mutate_trajectories
Gekozen functie: mutate_trajectories
Gekozen functie: mutate_trajectories
Gekozen functie: mutate_trajectories
Gekozen functie: change_start_station
Gekozen functie: change_start_station
Gekozen functie: change_start_station
Gekozen functie: change_start_station
Gekozen functie: mutate_trajectories
Gekozen functie: change_start_station
Gekozen functie: mutate_trajectories
Gekozen functie: mutate_trajectories
Gekozen functie: mutate_trajectories
Gekozen functie: mutate_trajectories
Gekozen functie: change_start_station
Gekozen functie: change_start_station
Gekozen functie: mutate_trajectories
Gekozen functie: change_start_station
Gekozen functie: mutate_trajectories
Gekozen functie: change_start_station
Gekozen functie: change_start_station
Gekozen functie: change_start_station
Gekozen functie: mutate_trajectories
Gekozen functie: change_start_station
Gekozen functie: mutate_trajectories
Gekozen functie: change_start_station
Gekozen functie: change_start_station
Gekozen functie: change_start_station
Gekozen functie: mutate_trajectories
Gekozen functie: change_start_station
Gekozen functie: mutate_trajectories
Gekozen functie: mutate_trajectories
Gekozen functie: mutate_trajectories
Gekozen functie: change_start_station
Gekozen functie: mutate_trajectories
Gekozen functie: change_start_station
Gekozen functie: change_start_station
Gekozen functie: change_start_station
Gekozen functie: mutate_trajectories
Gekozen functie: change_start_station
Gekozen functie: change_start_station
Gekozen functie: mutate_trajectories
Gekozen functie: change_start_station
Gekozen functie: change_start_station
Gekozen functie: change_start_station
Gekozen functie: change_start_station
Gekozen functie: mutate_trajectories
Gekozen functie: mutate_trajectories
Gekozen functie: mutate_trajectories
Gekozen functie: mutate_trajectories
Gekozen functie: mutate_trajectories
Gekozen functie: change_start_station
Gekozen functie: change_start_station
Gekozen functie: mutate_trajectories
Gekozen functie: change_start_station
Gekozen functie: change_start_station
Gekozen functie: change_start_station
Gekozen functie: change_start_station
Gekozen functie: change_start_station
Gekozen functie: mutate_trajectories
Gekozen functie: change_start_station
Gekozen functie: mutate_trajectories
Gekozen functie: mutate_trajectories
Gekozen functie: change_start_station
Gekozen functie: change_start_station
Gekozen functie: change_start_station
Gekozen functie: mutate_trajectories
Gekozen functie: change_start_station
Gekozen functie: mutate_trajectories
Gekozen functie: change_start_station
Gekozen functie: mutate_trajectories
Gekozen functie: change_start_station
Gekozen functie: mutate_trajectories
Gekozen functie: mutate_trajectories
Gekozen functie: change_start_station
Gekozen functie: change_start_station
Gekozen functie: change_start_station
Gekozen functie: change_start_station
Gekozen functie: mutate_trajectories
Gekozen functie: change_start_station
Gekozen functie: change_start_station
Gekozen functie: change_start_station
Gekozen functie: mutate_trajectories
Gekozen functie: change_start_station
Gekozen functie: mutate_trajectories
Gekozen functie: change_start_station
Gekozen functie: change_start_station
Gekozen functie: mutate_trajectories
Gekozen functie: change_start_station
Gekozen functie: mutate_trajectories
Gekozen functie: mutate_trajectories
Gekozen functie: change_start_station
Gekozen functie: mutate_trajectories
Gekozen functie: change_start_station
Gekozen functie: change_start_station
Gekozen functie: mutate_trajectories
Gekozen functie: change_start_station
Gekozen functie: mutate_trajectories
Gekozen functie: mutate_trajectories
Gekozen functie: change_start_station
Gekozen functie: mutate_trajectories
Gekozen functie: change_start_station
Gekozen functie: change_start_station
Gekozen functie: mutate_trajectories
Gekozen functie: mutate_trajectories
Gekozen functie: mutate_trajectories
Gekozen functie: mutate_trajectories
Gekozen functie: change_start_station
Gekozen functie: change_start_station
Gekozen functie: change_start_station
Gekozen functie: change_start_station
Gekozen functie: mutate_trajectories
Gekozen functie: mutate_trajectories
Gekozen functie: mutate_trajectories
Gekozen functie: change_start_station
Gekozen functie: change_start_station
Gekozen functie: change_start_station
Gekozen functie: mutate_trajectories
Gekozen functie: change_start_station
Gekozen functie: change_start_station
Gekozen functie: mutate_trajectories
Gekozen functie: mutate_trajectories
Gekozen functie: mutate_trajectories
Gekozen functie: mutate_trajectories
Gekozen functie: change_start_station
Gekozen functie: change_start_station
Gekozen functie: mutate_trajectories
Gekozen functie: change_start_station
Gekozen functie: mutate_trajectories
Gekozen functie: mutate_trajectories
Gekozen functie: change_start_station
Gekozen functie: change_start_station
Gekozen functie: change_start_station
Gekozen functie: change_start_station
Gekozen functie: mutate_trajectories
Gekozen functie: change_start_station
Gekozen functie: mutate_trajectories
Gekozen functie: mutate_trajectories
Gekozen functie: change_start_station
Gekozen functie: mutate_trajectories
Gekozen functie: change_start_station
Gekozen functie: mutate_trajectories
Gekozen functie: change_start_station
Gekozen functie: mutate_trajectories
Gekozen functie: mutate_trajectories
Gekozen functie: mutate_trajectories
Gekozen functie: mutate_trajectories
Gekozen functie: change_start_station
Gekozen functie: mutate_trajectories
Gekozen functie: mutate_trajectories
Gekozen functie: mutate_trajectories
Gekozen functie: mutate_trajectories
Gekozen functie: mutate_trajectories
Gekozen functie: mutate_trajectories
Gekozen functie: change_start_station
Gekozen functie: mutate_trajectories
Gekozen functie: mutate_trajectories
Gekozen functie: change_start_station
Gekozen functie: mutate_trajectories
Gekozen functie: change_start_station
Gekozen functie: mutate_trajectories
Gekozen functie: mutate_trajectories
Gekozen functie: mutate_trajectories
Gekozen functie: mutate_trajectories
Gekozen functie: mutate_trajectories
Gekozen functie: change_start_station
Gekozen functie: change_start_station
Gekozen functie: change_start_station
Gekozen functie: change_start_station
Gekozen functie: change_start_station
Gekozen functie: mutate_trajectories
Gekozen functie: mutate_trajectories
Gekozen functie: mutate_trajectories
Gekozen functie: mutate_trajectories
Gekozen functie: mutate_trajectories
Gekozen functie: change_start_station
Gekozen functie: change_start_station
Gekozen functie: mutate_trajectories
Gekozen functie: mutate_trajectories
Gekozen functie: mutate_trajectories
Gekozen functie: change_start_station
Gekozen functie: mutate_trajectories
Gekozen functie: mutate_trajectories
Gekozen functie: change_start_station
Gekozen functie: change_start_station
Gekozen functie: mutate_trajectories
Gekozen functie: mutate_trajectories
Gekozen functie: mutate_trajectories
Gekozen functie: mutate_trajectories
Gekozen functie: change_start_station
Gekozen functie: change_start_station
Gekozen functie: change_start_station
Gekozen functie: mutate_trajectories
Gekozen functie: mutate_trajectories
Gekozen functie: mutate_trajectories
Gekozen functie: change_start_station
Gekozen functie: mutate_trajectories
Gekozen functie: change_start_station
Gekozen functie: mutate_trajectories
Gekozen functie: change_start_station
Gekozen functie: change_start_station
Gekozen functie: change_start_station
Gekozen functie: mutate_trajectories
Gekozen functie: change_start_station
Gekozen functie: mutate_trajectories
Gekozen functie: change_start_station
Gekozen functie: change_start_station
Gekozen functie: mutate_trajectories
Gekozen functie: change_start_station
Gekozen functie: mutate_trajectories
Gekozen functie: change_start_station
Gekozen functie: change_start_station
Gekozen functie: mutate_trajectories
Gekozen functie: mutate_trajectories
Gekozen functie: change_start_station
Gekozen functie: change_start_station
Gekozen functie: change_start_station
Gekozen functie: change_start_station
Gekozen functie: change_start_station
Gekozen functie: mutate_trajectories
Gekozen functie: mutate_trajectories
Gekozen functie: change_start_station
Gekozen functie: change_start_station
Gekozen functie: mutate_trajectories
Gekozen functie: change_start_station
Gekozen functie: mutate_trajectories
Gekozen functie: change_start_station
Gekozen functie: change_start_station
Gekozen functie: mutate_trajectories
Gekozen functie: mutate_trajectories
Gekozen functie: change_start_station
Gekozen functie: mutate_trajectories
Gekozen functie: mutate_trajectories
Gekozen functie: mutate_trajectories
Gekozen functie: mutate_trajectories
Gekozen functie: change_start_station
Gekozen functie: mutate_trajectories
Gekozen functie: change_start_station
Gekozen functie: mutate_trajectories
Gekozen functie: change_start_station
Gekozen functie: change_start_station
Gekozen functie: mutate_trajectories
Gekozen functie: change_start_station
Gekozen functie: mutate_trajectories
Gekozen functie: change_start_station
Gekozen functie: change_start_station
Gekozen functie: change_start_station
Gekozen functie: mutate_trajectories
Gekozen functie: change_start_station
Gekozen functie: mutate_trajectories
Gekozen functie: change_start_station
Gekozen functie: mutate_trajectories
Gekozen functie: change_start_station
Gekozen functie: mutate_trajectories
Gekozen functie: mutate_trajectories
Gekozen functie: mutate_trajectories
Gekozen functie: change_start_station
Gekozen functie: change_start_station
Gekozen functie: change_start_station
Gekozen functie: mutate_trajectories
Gekozen functie: change_start_station
Gekozen functie: change_start_station
Gekozen functie: mutate_trajectories
Gekozen functie: mutate_trajectories
Gekozen functie: mutate_trajectories
Gekozen functie: mutate_trajectories
Gekozen functie: mutate_trajectories
Gekozen functie: mutate_trajectories
Gekozen functie: change_start_station
Gekozen functie: change_start_station
Gekozen functie: mutate_trajectories
Gekozen functie: mutate_trajectories
Gekozen functie: change_start_station
Gekozen functie: mutate_trajectories
Gekozen functie: change_start_station
Gekozen functie: mutate_trajectories
Gekozen functie: change_start_station
Gekozen functie: change_start_station
Gekozen functie: mutate_trajectories
Gekozen functie: mutate_trajectories
Gekozen functie: change_start_station
Gekozen functie: change_start_station
Gekozen functie: mutate_trajectories
Gekozen functie: mutate_trajectories
Gekozen functie: mutate_trajectories
Gekozen functie: mutate_trajectories
Gekozen functie: change_start_station
Gekozen functie: mutate_trajectories
Gekozen functie: change_start_station
Gekozen functie: mutate_trajectories
Gekozen functie: mutate_trajectories
Gekozen functie: change_start_station
Gekozen functie: change_start_station
Gekozen functie: change_start_station
Gekozen functie: mutate_trajectories
Gekozen functie: change_start_station
Gekozen functie: change_start_station
Gekozen functie: change_start_station
Gekozen functie: mutate_trajectories
Gekozen functie: mutate_trajectories
Gekozen functie: change_start_station
Gekozen functie: change_start_station
Gekozen functie: change_start_station
Gekozen functie: change_start_station
Gekozen functie: change_start_station
Gekozen functie: mutate_trajectories
Gekozen functie: change_start_station
Gekozen functie: change_start_station
Gekozen functie: mutate_trajectories
Gekozen functie: mutate_trajectories
Gekozen functie: change_start_station
Gekozen functie: change_start_station
Gekozen functie: mutate_trajectories
Gekozen functie: mutate_trajectories
Gekozen functie: change_start_station
Gekozen functie: change_start_station
Gekozen functie: mutate_trajectories
Gekozen functie: mutate_trajectories
Gekozen functie: change_start_station
Gekozen functie: mutate_trajectories
Gekozen functie: mutate_trajectories
Gekozen functie: mutate_trajectories
Gekozen functie: mutate_trajectories
Gekozen functie: change_start_station
Gekozen functie: mutate_trajectories
Gekozen functie: mutate_trajectories
Gekozen functie: change_start_station
Gekozen functie: change_start_station
Gekozen functie: change_start_station
Gekozen functie: mutate_trajectories
Gekozen functie: change_start_station
Gekozen functie: mutate_trajectories
Gekozen functie: change_start_station
Gekozen functie: change_start_station
Gekozen functie: change_start_station
Gekozen functie: change_start_station
Gekozen functie: mutate_trajectories
Gekozen functie: change_start_station
Gekozen functie: change_start_station
Gekozen functie: mutate_trajectories
Gekozen functie: mutate_trajectories
Gekozen functie: change_start_station
Gekozen functie: change_start_station
Gekozen functie: change_start_station
Gekozen functie: mutate_trajectories
Gekozen functie: change_start_station
Gekozen functie: mutate_trajectories
Gekozen functie: mutate_trajectories
Gekozen functie: mutate_trajectories
Gekozen functie: mutate_trajectories
Gekozen functie: change_start_station
Gekozen functie: change_start_station
Gekozen functie: mutate_trajectories
