"Gekozen functie: delete_last_connection, 6743.285714285714"
"Gekozen functie: separate_traject, 6881.428571428571"
Gekozen functie: separate_traject
"Gekozen functie: delete_last_connection, 6892.428571428571"
"Gekozen functie: separate_traject, 7393.714285714286"
"Gekozen functie: delete_last_connection, 7401.714285714286"
Gekozen functie: mutate_trajectories
Gekozen functie: mutate_trajectories
Gekozen functie: mutate_trajectories
Gekozen functie: mutate_trajectories
Gekozen functie: separate_traject
"Gekozen functie: delete_last_connection, 7420.714285714286"
"Gekozen functie: delete_last_connection, 7431.714285714286"
"Gekozen functie: delete_last_connection, 7444.714285714286"
Gekozen functie: mutate_trajectories
Gekozen functie: delete_last_connection
"Gekozen functie: delete_last_connection, 7459.714285714286"
"Gekozen functie: delete_last_connection, 7475.714285714286"
"Gekozen functie: mutate_trajectories, 7677.714285714286"
Gekozen functie: mutate_trajectories
"Gekozen functie: delete_last_connection, 7684.714285714286"
Gekozen functie: delete_last_connection
"Gekozen functie: delete_last_connection, 7692.714285714286"
Gekozen functie: separate_traject
Gekozen functie: mutate_trajectories
Gekozen functie: mutate_trajectories
Gekozen functie: delete_last_connection
Gekozen functie: mutate_trajectories
Gekozen functie: mutate_trajectories
Gekozen functie: mutate_trajectories
"Gekozen functie: delete_last_connection, 7708.714285714286"
Gekozen functie: separate_traject
Gekozen functie: mutate_trajectories
"Gekozen functie: separate_traject, 8186.0"
Gekozen functie: mutate_trajectories
"Gekozen functie: delete_last_connection, 8192.0"
Gekozen functie: separate_traject
Gekozen functie: separate_traject
Gekozen functie: separate_traject
"Gekozen functie: delete_last_connection, 8202.0"
"Gekozen functie: delete_last_connection, 8215.0"
Gekozen functie: mutate_trajectories
Gekozen functie: mutate_trajectories
"Gekozen functie: delete_last_connection, 8220.0"
"Gekozen functie: delete_last_connection, 8231.0"
Gekozen functie: separate_traject
Gekozen functie: separate_traject
"Gekozen functie: delete_last_connection, 8237.0"
"Gekozen functie: delete_last_connection, 8243.0"
"Gekozen functie: delete_last_connection, 8256.0"
Gekozen functie: mutate_trajectories
Gekozen functie: separate_traject
Gekozen functie: separate_traject
Gekozen functie: mutate_trajectories
Gekozen functie: mutate_trajectories
Gekozen functie: mutate_trajectories
"Gekozen functie: delete_last_connection, 8262.0"
Gekozen functie: mutate_trajectories
"Gekozen functie: mutate_trajectories, 8452.0"
Gekozen functie: separate_traject
Gekozen functie: separate_traject
"Gekozen functie: delete_last_connection, 8464.0"
Gekozen functie: mutate_trajectories
"Gekozen functie: delete_last_connection, 8470.0"
Gekozen functie: mutate_trajectories
Gekozen functie: separate_traject
Gekozen functie: mutate_trajectories
Gekozen functie: mutate_trajectories
Gekozen functie: mutate_trajectories
"Gekozen functie: delete_last_connection, 8476.0"
Gekozen functie: separate_traject
Gekozen functie: mutate_trajectories
Gekozen functie: mutate_trajectories
Gekozen functie: separate_traject
Gekozen functie: delete_last_connection
Gekozen functie: separate_traject
Gekozen functie: delete_last_connection
Gekozen functie: mutate_trajectories
"Gekozen functie: delete_last_connection, 8489.0"
Gekozen functie: separate_traject
Gekozen functie: delete_last_connection
Gekozen functie: mutate_trajectories
Gekozen functie: separate_traject
Gekozen functie: mutate_trajectories
Gekozen functie: mutate_trajectories
Gekozen functie: separate_traject
Gekozen functie: mutate_trajectories
"Gekozen functie: delete_last_connection, 8498.0"
Gekozen functie: separate_traject
Gekozen functie: separate_traject
Gekozen functie: mutate_trajectories
"Gekozen functie: delete_last_connection, 8503.0"
"Gekozen functie: delete_last_connection, 8509.0"
Gekozen functie: separate_traject
Gekozen functie: delete_last_connection
Gekozen functie: delete_last_connection
Gekozen functie: mutate_trajectories
"Gekozen functie: delete_last_connection, 8534.0"
Gekozen functie: mutate_trajectories
"Gekozen functie: delete_last_connection, 8539.0"
"Gekozen functie: delete_last_connection, 8556.0"
Gekozen functie: mutate_trajectories
Gekozen functie: mutate_trajectories
Gekozen functie: separate_traject
Gekozen functie: mutate_trajectories
Gekozen functie: mutate_trajectories
Gekozen functie: separate_traject
"Gekozen functie: delete_last_connection, 8572.0"
Gekozen functie: delete_last_connection
Gekozen functie: separate_traject
Gekozen functie: mutate_trajectories
Gekozen functie: separate_traject
Gekozen functie: delete_last_connection
Gekozen functie: mutate_trajectories
Gekozen functie: separate_traject
Gekozen functie: separate_traject
Gekozen functie: separate_traject
Gekozen functie: delete_last_connection
Gekozen functie: separate_traject
Gekozen functie: mutate_trajectories
Gekozen functie: mutate_trajectories
Gekozen functie: separate_traject
Gekozen functie: mutate_trajectories
"Gekozen functie: delete_last_connection, 8589.0"
"Gekozen functie: delete_last_connection, 8602.0"
Gekozen functie: mutate_trajectories
Gekozen functie: mutate_trajectories
Gekozen functie: mutate_trajectories
"Gekozen functie: delete_last_connection, 8619.0"
"Gekozen functie: delete_last_connection, 8625.0"
Gekozen functie: delete_last_connection
Gekozen functie: separate_traject
Gekozen functie: mutate_trajectories
Gekozen functie: separate_traject
Gekozen functie: mutate_trajectories
Gekozen functie: separate_traject
Gekozen functie: mutate_trajectories
Gekozen functie: delete_last_connection
Gekozen functie: mutate_trajectories
Gekozen functie: mutate_trajectories
Gekozen functie: delete_last_connection
Gekozen functie: mutate_trajectories
Gekozen functie: mutate_trajectories
Gekozen functie: delete_last_connection
Gekozen functie: mutate_trajectories
Gekozen functie: separate_traject
Gekozen functie: separate_traject
Gekozen functie: delete_last_connection
Gekozen functie: separate_traject
Gekozen functie: separate_traject
Gekozen functie: mutate_trajectories
Gekozen functie: separate_traject
Gekozen functie: mutate_trajectories
Gekozen functie: delete_last_connection
Gekozen functie: separate_traject
Gekozen functie: delete_last_connection
Gekozen functie: separate_traject
Gekozen functie: mutate_trajectories
Gekozen functie: separate_traject
Gekozen functie: mutate_trajectories
Gekozen functie: delete_last_connection
Gekozen functie: separate_traject
Gekozen functie: separate_traject
Gekozen functie: mutate_trajectories
"Gekozen functie: delete_last_connection, 8631.0"
"Gekozen functie: delete_last_connection, 8640.0"
Gekozen functie: mutate_trajectories
Gekozen functie: separate_traject
Gekozen functie: delete_last_connection
Gekozen functie: separate_traject
Gekozen functie: mutate_trajectories
Gekozen functie: separate_traject
Gekozen functie: mutate_trajectories
Gekozen functie: delete_last_connection
Gekozen functie: separate_traject
Gekozen functie: delete_last_connection
Gekozen functie: delete_last_connection
Gekozen functie: mutate_trajectories
Gekozen functie: separate_traject
Gekozen functie: delete_last_connection
Gekozen functie: mutate_trajectories
Gekozen functie: mutate_trajectories
Gekozen functie: delete_last_connection
"Gekozen functie: delete_last_connection, 8664.0"
Gekozen functie: separate_traject
Gekozen functie: mutate_trajectories
Gekozen functie: mutate_trajectories
Gekozen functie: separate_traject
Gekozen functie: mutate_trajectories
Gekozen functie: delete_last_connection
Gekozen functie: mutate_trajectories
Gekozen functie: delete_last_connection
Gekozen functie: mutate_trajectories
Gekozen functie: separate_traject
Gekozen functie: mutate_trajectories
Gekozen functie: mutate_trajectories
Gekozen functie: separate_traject
Gekozen functie: separate_traject
Gekozen functie: delete_last_connection
Gekozen functie: mutate_trajectories
Gekozen functie: separate_traject
Gekozen functie: mutate_trajectories
Gekozen functie: separate_traject
Gekozen functie: separate_traject
Gekozen functie: separate_traject
Gekozen functie: delete_last_connection
Gekozen functie: separate_traject
Gekozen functie: separate_traject
Gekozen functie: separate_traject
Gekozen functie: separate_traject
Gekozen functie: mutate_trajectories
Gekozen functie: separate_traject
Gekozen functie: separate_traject
Gekozen functie: mutate_trajectories
Gekozen functie: separate_traject
Gekozen functie: separate_traject
Gekozen functie: separate_traject
Gekozen functie: mutate_trajectories
Gekozen functie: separate_traject
Gekozen functie: separate_traject
Gekozen functie: separate_traject
Gekozen functie: separate_traject
Gekozen functie: delete_last_connection
Gekozen functie: mutate_trajectories
Gekozen functie: delete_last_connection
Gekozen functie: separate_traject
Gekozen functie: mutate_trajectories
Gekozen functie: separate_traject
Gekozen functie: separate_traject
Gekozen functie: delete_last_connection
Gekozen functie: mutate_trajectories
Gekozen functie: mutate_trajectories
Gekozen functie: separate_traject
Gekozen functie: delete_last_connection
Gekozen functie: delete_last_connection
Gekozen functie: delete_last_connection
Gekozen functie: separate_traject
Gekozen functie: separate_traject
Gekozen functie: mutate_trajectories
Gekozen functie: delete_last_connection
Gekozen functie: separate_traject
Gekozen functie: separate_traject
Gekozen functie: delete_last_connection
Gekozen functie: separate_traject
Gekozen functie: mutate_trajectories
Gekozen functie: delete_last_connection
Gekozen functie: mutate_trajectories
Gekozen functie: delete_last_connection
Gekozen functie: mutate_trajectories
Gekozen functie: delete_last_connection
Gekozen functie: separate_traject
Gekozen functie: delete_last_connection
Gekozen functie: delete_last_connection
Gekozen functie: mutate_trajectories
Gekozen functie: separate_traject
Gekozen functie: separate_traject
Gekozen functie: delete_last_connection
Gekozen functie: delete_last_connection
Gekozen functie: mutate_trajectories
Gekozen functie: mutate_trajectories
Gekozen functie: mutate_trajectories
Gekozen functie: delete_last_connection
Gekozen functie: delete_last_connection
Gekozen functie: delete_last_connection
Gekozen functie: separate_traject
Gekozen functie: delete_last_connection
Gekozen functie: delete_last_connection
Gekozen functie: separate_traject
Gekozen functie: delete_last_connection
Gekozen functie: separate_traject
Gekozen functie: separate_traject
Gekozen functie: mutate_trajectories
Gekozen functie: mutate_trajectories
Gekozen functie: delete_last_connection
Gekozen functie: separate_traject
Gekozen functie: mutate_trajectories
Gekozen functie: mutate_trajectories
Gekozen functie: delete_last_connection
Gekozen functie: delete_last_connection
Gekozen functie: mutate_trajectories
Gekozen functie: separate_traject
Gekozen functie: separate_traject
Gekozen functie: mutate_trajectories
Gekozen functie: mutate_trajectories
Gekozen functie: delete_last_connection
Gekozen functie: separate_traject
Gekozen functie: delete_last_connection
Gekozen functie: delete_last_connection
Gekozen functie: separate_traject
Gekozen functie: mutate_trajectories
Gekozen functie: separate_traject
Gekozen functie: delete_last_connection
Gekozen functie: mutate_trajectories
Gekozen functie: delete_last_connection
Gekozen functie: separate_traject
Gekozen functie: delete_last_connection
Gekozen functie: separate_traject
Gekozen functie: mutate_trajectories
Gekozen functie: delete_last_connection
Gekozen functie: delete_last_connection
Gekozen functie: mutate_trajectories
Gekozen functie: mutate_trajectories
Gekozen functie: mutate_trajectories
Gekozen functie: delete_last_connection
Gekozen functie: delete_last_connection
Gekozen functie: delete_last_connection
Gekozen functie: mutate_trajectories
Gekozen functie: delete_last_connection
Gekozen functie: delete_last_connection
Gekozen functie: mutate_trajectories
Gekozen functie: delete_last_connection
Gekozen functie: mutate_trajectories
Gekozen functie: separate_traject
Gekozen functie: delete_last_connection
Gekozen functie: mutate_trajectories
Gekozen functie: separate_traject
Gekozen functie: separate_traject
Gekozen functie: separate_traject
Gekozen functie: mutate_trajectories
Gekozen functie: separate_traject
Gekozen functie: delete_last_connection
Gekozen functie: separate_traject
Gekozen functie: mutate_trajectories
Gekozen functie: separate_traject
Gekozen functie: delete_last_connection
Gekozen functie: separate_traject
Gekozen functie: delete_last_connection
Gekozen functie: separate_traject
Gekozen functie: mutate_trajectories
Gekozen functie: mutate_trajectories
Gekozen functie: delete_last_connection
Gekozen functie: delete_last_connection
Gekozen functie: delete_last_connection
Gekozen functie: mutate_trajectories
Gekozen functie: separate_traject
Gekozen functie: delete_last_connection
Gekozen functie: mutate_trajectories
Gekozen functie: delete_last_connection
Gekozen functie: separate_traject
Gekozen functie: mutate_trajectories
Gekozen functie: separate_traject
Gekozen functie: mutate_trajectories
Gekozen functie: delete_last_connection
Gekozen functie: separate_traject
Gekozen functie: delete_last_connection
Gekozen functie: mutate_trajectories
Gekozen functie: separate_traject
Gekozen functie: separate_traject
Gekozen functie: mutate_trajectories
Gekozen functie: delete_last_connection
Gekozen functie: mutate_trajectories
Gekozen functie: delete_last_connection
Gekozen functie: separate_traject
Gekozen functie: delete_last_connection
Gekozen functie: delete_last_connection
Gekozen functie: separate_traject
Gekozen functie: mutate_trajectories
Gekozen functie: separate_traject
Gekozen functie: mutate_trajectories
Gekozen functie: separate_traject
Gekozen functie: mutate_trajectories
Gekozen functie: delete_last_connection
Gekozen functie: delete_last_connection
Gekozen functie: delete_last_connection
Gekozen functie: delete_last_connection
Gekozen functie: separate_traject
Gekozen functie: delete_last_connection
Gekozen functie: mutate_trajectories
Gekozen functie: delete_last_connection
Gekozen functie: separate_traject
Gekozen functie: delete_last_connection
Gekozen functie: separate_traject
Gekozen functie: delete_last_connection
Gekozen functie: separate_traject
Gekozen functie: mutate_trajectories
Gekozen functie: mutate_trajectories
Gekozen functie: mutate_trajectories
Gekozen functie: delete_last_connection
Gekozen functie: mutate_trajectories
Gekozen functie: separate_traject
Gekozen functie: mutate_trajectories
Gekozen functie: delete_last_connection
Gekozen functie: delete_last_connection
Gekozen functie: delete_last_connection
Gekozen functie: delete_last_connection
Gekozen functie: separate_traject
Gekozen functie: delete_last_connection
Gekozen functie: mutate_trajectories
Gekozen functie: separate_traject
Gekozen functie: delete_last_connection
Gekozen functie: separate_traject
Gekozen functie: delete_last_connection
Gekozen functie: separate_traject
Gekozen functie: delete_last_connection
Gekozen functie: delete_last_connection
Gekozen functie: mutate_trajectories
Gekozen functie: delete_last_connection
Gekozen functie: mutate_trajectories
Gekozen functie: mutate_trajectories
Gekozen functie: delete_last_connection
Gekozen functie: mutate_trajectories
Gekozen functie: mutate_trajectories
Gekozen functie: delete_last_connection
Gekozen functie: delete_last_connection
Gekozen functie: separate_traject
Gekozen functie: mutate_trajectories
Gekozen functie: separate_traject
Gekozen functie: separate_traject
Gekozen functie: mutate_trajectories
Gekozen functie: delete_last_connection
Gekozen functie: mutate_trajectories
Gekozen functie: mutate_trajectories
Gekozen functie: mutate_trajectories
Gekozen functie: delete_last_connection
Gekozen functie: mutate_trajectories
Gekozen functie: mutate_trajectories
Gekozen functie: mutate_trajectories
Gekozen functie: mutate_trajectories
Gekozen functie: mutate_trajectories
Gekozen functie: separate_traject
Gekozen functie: separate_traject
Gekozen functie: delete_last_connection
Gekozen functie: separate_traject
Gekozen functie: mutate_trajectories
Gekozen functie: separate_traject
Gekozen functie: mutate_trajectories
Gekozen functie: mutate_trajectories
Gekozen functie: delete_last_connection
Gekozen functie: separate_traject
Gekozen functie: delete_last_connection
Gekozen functie: delete_last_connection
Gekozen functie: separate_traject
Gekozen functie: delete_last_connection
Gekozen functie: delete_last_connection
Gekozen functie: delete_last_connection
Gekozen functie: separate_traject
Gekozen functie: delete_last_connection
Gekozen functie: separate_traject
Gekozen functie: delete_last_connection
Gekozen functie: delete_last_connection
Gekozen functie: delete_last_connection
Gekozen functie: delete_last_connection
Gekozen functie: mutate_trajectories
Gekozen functie: separate_traject
Gekozen functie: mutate_trajectories
Gekozen functie: separate_traject
Gekozen functie: mutate_trajectories
Gekozen functie: mutate_trajectories
Gekozen functie: mutate_trajectories
Gekozen functie: separate_traject
Gekozen functie: delete_last_connection
Gekozen functie: mutate_trajectories
Gekozen functie: separate_traject
Gekozen functie: mutate_trajectories
Gekozen functie: mutate_trajectories
Gekozen functie: separate_traject
Gekozen functie: delete_last_connection
Gekozen functie: delete_last_connection
Gekozen functie: separate_traject
Gekozen functie: mutate_trajectories
Gekozen functie: mutate_trajectories
Gekozen functie: delete_last_connection
Gekozen functie: separate_traject
Gekozen functie: mutate_trajectories
Gekozen functie: separate_traject
Gekozen functie: delete_last_connection
Gekozen functie: mutate_trajectories
Gekozen functie: delete_last_connection
Gekozen functie: mutate_trajectories
Gekozen functie: delete_last_connection
Gekozen functie: mutate_trajectories
Gekozen functie: mutate_trajectories
Gekozen functie: separate_traject
Gekozen functie: separate_traject
Gekozen functie: delete_last_connection
Gekozen functie: separate_traject
Gekozen functie: mutate_trajectories
Gekozen functie: delete_last_connection
Gekozen functie: separate_traject
Gekozen functie: separate_traject
Gekozen functie: mutate_trajectories
Gekozen functie: separate_traject
Gekozen functie: separate_traject
Gekozen functie: mutate_trajectories
Gekozen functie: delete_last_connection
Gekozen functie: mutate_trajectories
Gekozen functie: mutate_trajectories
Gekozen functie: delete_last_connection
Gekozen functie: separate_traject
Gekozen functie: mutate_trajectories
Gekozen functie: mutate_trajectories
Gekozen functie: mutate_trajectories
Gekozen functie: delete_last_connection
Gekozen functie: mutate_trajectories
Gekozen functie: separate_traject
Gekozen functie: separate_traject
Gekozen functie: mutate_trajectories
Gekozen functie: delete_last_connection
Gekozen functie: separate_traject
Gekozen functie: mutate_trajectories
Gekozen functie: mutate_trajectories
Gekozen functie: separate_traject
Gekozen functie: mutate_trajectories
Gekozen functie: mutate_trajectories
Gekozen functie: mutate_trajectories
Gekozen functie: delete_last_connection
Gekozen functie: mutate_trajectories
Gekozen functie: delete_last_connection
Gekozen functie: delete_last_connection
Gekozen functie: separate_traject
Gekozen functie: delete_last_connection
Gekozen functie: mutate_trajectories
Gekozen functie: separate_traject
Gekozen functie: mutate_trajectories
Gekozen functie: mutate_trajectories
Gekozen functie: mutate_trajectories
Gekozen functie: mutate_trajectories
Gekozen functie: delete_last_connection
Gekozen functie: delete_last_connection
Gekozen functie: separate_traject
Gekozen functie: separate_traject
Gekozen functie: mutate_trajectories
Gekozen functie: delete_last_connection
Gekozen functie: delete_last_connection
Gekozen functie: separate_traject
Gekozen functie: separate_traject
Gekozen functie: delete_last_connection
Gekozen functie: delete_last_connection
Gekozen functie: delete_last_connection
Gekozen functie: delete_last_connection
Gekozen functie: delete_last_connection
Gekozen functie: mutate_trajectories
Gekozen functie: separate_traject
Gekozen functie: mutate_trajectories
Gekozen functie: delete_last_connection
Gekozen functie: separate_traject
Gekozen functie: separate_traject
Gekozen functie: separate_traject
Gekozen functie: mutate_trajectories
Gekozen functie: mutate_trajectories
Gekozen functie: separate_traject
Gekozen functie: separate_traject
Gekozen functie: separate_traject
Gekozen functie: delete_last_connection
Gekozen functie: separate_traject
Gekozen functie: mutate_trajectories
Gekozen functie: mutate_trajectories
Gekozen functie: separate_traject
Gekozen functie: mutate_trajectories
Gekozen functie: mutate_trajectories
Gekozen functie: separate_traject
Gekozen functie: separate_traject
Gekozen functie: separate_traject
Gekozen functie: separate_traject
Gekozen functie: separate_traject
Gekozen functie: separate_traject
Gekozen functie: mutate_trajectories
Gekozen functie: delete_last_connection
Gekozen functie: delete_last_connection
Gekozen functie: mutate_trajectories
Gekozen functie: mutate_trajectories
Gekozen functie: mutate_trajectories
Gekozen functie: delete_last_connection
Gekozen functie: mutate_trajectories
Gekozen functie: delete_last_connection
Gekozen functie: delete_last_connection
Gekozen functie: separate_traject
Gekozen functie: delete_last_connection
Gekozen functie: separate_traject
Gekozen functie: mutate_trajectories
Gekozen functie: separate_traject
Gekozen functie: delete_last_connection
Gekozen functie: mutate_trajectories
Gekozen functie: mutate_trajectories
Gekozen functie: mutate_trajectories
Gekozen functie: separate_traject
Gekozen functie: mutate_trajectories
Gekozen functie: delete_last_connection
Gekozen functie: delete_last_connection
Gekozen functie: mutate_trajectories
Gekozen functie: separate_traject
Gekozen functie: delete_last_connection
Gekozen functie: delete_last_connection
Gekozen functie: delete_last_connection
Gekozen functie: mutate_trajectories
Gekozen functie: delete_last_connection
Gekozen functie: separate_traject
Gekozen functie: separate_traject
Gekozen functie: delete_last_connection
Gekozen functie: delete_last_connection
Gekozen functie: mutate_trajectories
Gekozen functie: separate_traject
Gekozen functie: delete_last_connection
Gekozen functie: delete_last_connection
Gekozen functie: mutate_trajectories
Gekozen functie: separate_traject
Gekozen functie: mutate_trajectories
Gekozen functie: delete_last_connection
Gekozen functie: delete_last_connection
Gekozen functie: delete_last_connection
Gekozen functie: mutate_trajectories
Gekozen functie: mutate_trajectories
Gekozen functie: delete_last_connection
Gekozen functie: delete_last_connection
Gekozen functie: mutate_trajectories
Gekozen functie: separate_traject
Gekozen functie: mutate_trajectories
Gekozen functie: delete_last_connection
Gekozen functie: mutate_trajectories
Gekozen functie: mutate_trajectories
Gekozen functie: delete_last_connection
Gekozen functie: separate_traject
Gekozen functie: mutate_trajectories
Gekozen functie: mutate_trajectories
Gekozen functie: mutate_trajectories
Gekozen functie: separate_traject
Gekozen functie: delete_last_connection
Gekozen functie: mutate_trajectories
Gekozen functie: mutate_trajectories
Gekozen functie: separate_traject
Gekozen functie: delete_last_connection
Gekozen functie: mutate_trajectories
Gekozen functie: separate_traject
Gekozen functie: delete_last_connection
Gekozen functie: mutate_trajectories
Gekozen functie: separate_traject
Gekozen functie: separate_traject
Gekozen functie: separate_traject
Gekozen functie: delete_last_connection
Gekozen functie: mutate_trajectories
Gekozen functie: mutate_trajectories
Gekozen functie: delete_last_connection
Gekozen functie: delete_last_connection
Gekozen functie: delete_last_connection
Gekozen functie: separate_traject
Gekozen functie: delete_last_connection
Gekozen functie: separate_traject
Gekozen functie: mutate_trajectories
Gekozen functie: mutate_trajectories
Gekozen functie: delete_last_connection
Gekozen functie: delete_last_connection
Gekozen functie: delete_last_connection
Gekozen functie: separate_traject
Gekozen functie: delete_last_connection
Gekozen functie: mutate_trajectories
Gekozen functie: separate_traject
Gekozen functie: delete_last_connection
Gekozen functie: mutate_trajectories
Gekozen functie: delete_last_connection
Gekozen functie: separate_traject
Gekozen functie: mutate_trajectories
Gekozen functie: delete_last_connection
Gekozen functie: mutate_trajectories
Gekozen functie: separate_traject
Gekozen functie: separate_traject
Gekozen functie: delete_last_connection
Gekozen functie: separate_traject
Gekozen functie: mutate_trajectories
Gekozen functie: mutate_trajectories
Gekozen functie: mutate_trajectories
Gekozen functie: mutate_trajectories
Gekozen functie: separate_traject
Gekozen functie: mutate_trajectories
Gekozen functie: delete_last_connection
Gekozen functie: delete_last_connection
Gekozen functie: delete_last_connection
Gekozen functie: delete_last_connection
Gekozen functie: delete_last_connection
Gekozen functie: delete_last_connection
Gekozen functie: separate_traject
Gekozen functie: delete_last_connection
Gekozen functie: mutate_trajectories
Gekozen functie: delete_last_connection
Gekozen functie: separate_traject
Gekozen functie: separate_traject
Gekozen functie: mutate_trajectories
Gekozen functie: mutate_trajectories
Gekozen functie: mutate_trajectories
Gekozen functie: mutate_trajectories
Gekozen functie: delete_last_connection
Gekozen functie: separate_traject
Gekozen functie: delete_last_connection
Gekozen functie: mutate_trajectories
Gekozen functie: delete_last_connection
Gekozen functie: delete_last_connection
Gekozen functie: mutate_trajectories
Gekozen functie: delete_last_connection
Gekozen functie: mutate_trajectories
Gekozen functie: mutate_trajectories
Gekozen functie: mutate_trajectories
Gekozen functie: separate_traject
Gekozen functie: separate_traject
Gekozen functie: mutate_trajectories
Gekozen functie: separate_traject
Gekozen functie: mutate_trajectories
Gekozen functie: mutate_trajectories
Gekozen functie: delete_last_connection
Gekozen functie: separate_traject
Gekozen functie: delete_last_connection
Gekozen functie: delete_last_connection
Gekozen functie: delete_last_connection
Gekozen functie: mutate_trajectories
Gekozen functie: separate_traject
Gekozen functie: separate_traject
Gekozen functie: delete_last_connection
Gekozen functie: mutate_trajectories
Gekozen functie: separate_traject
Gekozen functie: mutate_trajectories
Gekozen functie: separate_traject
Gekozen functie: mutate_trajectories
Gekozen functie: delete_last_connection
Gekozen functie: delete_last_connection
Gekozen functie: mutate_trajectories
Gekozen functie: separate_traject
Gekozen functie: separate_traject
Gekozen functie: delete_last_connection
Gekozen functie: delete_last_connection
Gekozen functie: separate_traject
Gekozen functie: delete_last_connection
Gekozen functie: mutate_trajectories
Gekozen functie: delete_last_connection
Gekozen functie: separate_traject
Gekozen functie: separate_traject
Gekozen functie: separate_traject
Gekozen functie: delete_last_connection
Gekozen functie: separate_traject
Gekozen functie: mutate_trajectories
Gekozen functie: delete_last_connection
Gekozen functie: separate_traject
Gekozen functie: mutate_trajectories
Gekozen functie: mutate_trajectories
Gekozen functie: delete_last_connection
Gekozen functie: delete_last_connection
Gekozen functie: separate_traject
Gekozen functie: mutate_trajectories
Gekozen functie: separate_traject
Gekozen functie: separate_traject
Gekozen functie: mutate_trajectories
Gekozen functie: separate_traject
Gekozen functie: separate_traject
Gekozen functie: mutate_trajectories
Gekozen functie: delete_last_connection
Gekozen functie: delete_last_connection
Gekozen functie: delete_last_connection
Gekozen functie: mutate_trajectories
Gekozen functie: separate_traject
Gekozen functie: delete_last_connection
Gekozen functie: separate_traject
Gekozen functie: mutate_trajectories
Gekozen functie: delete_last_connection
Gekozen functie: separate_traject
Gekozen functie: mutate_trajectories
Gekozen functie: delete_last_connection
Gekozen functie: separate_traject
Gekozen functie: mutate_trajectories
Gekozen functie: mutate_trajectories
Gekozen functie: mutate_trajectories
Gekozen functie: separate_traject
Gekozen functie: mutate_trajectories
Gekozen functie: delete_last_connection
Gekozen functie: delete_last_connection
Gekozen functie: delete_last_connection
Gekozen functie: delete_last_connection
Gekozen functie: separate_traject
Gekozen functie: separate_traject
Gekozen functie: delete_last_connection
Gekozen functie: delete_last_connection
Gekozen functie: separate_traject
Gekozen functie: mutate_trajectories
Gekozen functie: delete_last_connection
Gekozen functie: delete_last_connection
Gekozen functie: separate_traject
Gekozen functie: delete_last_connection
Gekozen functie: delete_last_connection
Gekozen functie: mutate_trajectories
Gekozen functie: delete_last_connection
Gekozen functie: delete_last_connection
Gekozen functie: delete_last_connection
Gekozen functie: mutate_trajectories
Gekozen functie: delete_last_connection
Gekozen functie: separate_traject
Gekozen functie: separate_traject
Gekozen functie: mutate_trajectories
Gekozen functie: mutate_trajectories
Gekozen functie: separate_traject
Gekozen functie: mutate_trajectories
Gekozen functie: mutate_trajectories
Gekozen functie: separate_traject
Gekozen functie: delete_last_connection
Gekozen functie: mutate_trajectories
Gekozen functie: separate_traject
Gekozen functie: mutate_trajectories
Gekozen functie: mutate_trajectories
Gekozen functie: delete_last_connection
Gekozen functie: delete_last_connection
Gekozen functie: delete_last_connection
Gekozen functie: separate_traject
Gekozen functie: mutate_trajectories
Gekozen functie: separate_traject
Gekozen functie: delete_last_connection
