"Gekozen functie: separate_traject, 7221.571428571429"
"Gekozen functie: change_start_station, 7228.571428571429"
"Gekozen functie: change_start_station, 7239.571428571429"
"Gekozen functie: change_start_station, 7246.571428571429"
Gekozen functie: separate_traject
"Gekozen functie: change_start_station, 7271.571428571429"
"Gekozen functie: change_start_station, 7282.571428571429"
"Gekozen functie: change_start_station, 7298.571428571429"
Gekozen functie: separate_traject
"Gekozen functie: change_start_station, 7304.571428571429"
Gekozen functie: separate_traject
"Gekozen functie: separate_traject, 7456.714285714286"
Gekozen functie: separate_traject
"Gekozen functie: change_start_station, 7468.714285714286"
"Gekozen functie: change_start_station, 7480.714285714286"
"Gekozen functie: change_start_station, 7495.714285714286"
"Gekozen functie: separate_traject, 7971.0"
Gekozen functie: change_start_station
"Gekozen functie: change_start_station, 7983.0"
Gekozen functie: separate_traject
"Gekozen functie: change_start_station, 8001.0"
"Gekozen functie: change_start_station, 8015.0"
Gekozen functie: separate_traject
Gekozen functie: separate_traject
Gekozen functie: change_start_station
Gekozen functie: separate_traject
Gekozen functie: separate_traject
Gekozen functie: separate_traject
Gekozen functie: separate_traject
"Gekozen functie: change_start_station, 8033.0"
"Gekozen functie: change_start_station, 8046.0"
"Gekozen functie: change_start_station, 8062.0"
Gekozen functie: change_start_station
Gekozen functie: separate_traject
Gekozen functie: change_start_station
Gekozen functie: change_start_station
"Gekozen functie: change_start_station, 8087.0"
"Gekozen functie: change_start_station, 8093.0"
"Gekozen functie: change_start_station, 8108.0"
Gekozen functie: separate_traject
Gekozen functie: separate_traject
"Gekozen functie: change_start_station, 8120.0"
Gekozen functie: change_start_station
Gekozen functie: separate_traject
Gekozen functie: change_start_station
Gekozen functie: change_start_station
Gekozen functie: separate_traject
Gekozen functie: change_start_station
Gekozen functie: separate_traject
"Gekozen functie: change_start_station, 8132.0"
Gekozen functie: separate_traject
Gekozen functie: change_start_station
Gekozen functie: separate_traject
Gekozen functie: separate_traject
"Gekozen functie: change_start_station, 8145.0"
Gekozen functie: separate_traject
Gekozen functie: change_start_station
Gekozen functie: separate_traject
Gekozen functie: change_start_station
Gekozen functie: separate_traject
Gekozen functie: separate_traject
Gekozen functie: change_start_station
Gekozen functie: change_start_station
Gekozen functie: change_start_station
Gekozen functie: separate_traject
Gekozen functie: separate_traject
Gekozen functie: separate_traject
"Gekozen functie: change_start_station, 8151.0"
Gekozen functie: separate_traject
"Gekozen functie: change_start_station, 8164.0"
Gekozen functie: change_start_station
"Gekozen functie: change_start_station, 8171.0"
Gekozen functie: separate_traject
Gekozen functie: change_start_station
Gekozen functie: change_start_station
Gekozen functie: change_start_station
Gekozen functie: separate_traject
Gekozen functie: change_start_station
Gekozen functie: separate_traject
Gekozen functie: separate_traject
Gekozen functie: change_start_station
"Gekozen functie: change_start_station, 8189.0"
"Gekozen functie: change_start_station, 8194.0"
Gekozen functie: change_start_station
Gekozen functie: change_start_station
"Gekozen functie: change_start_station, 8200.0"
Gekozen functie: change_start_station
Gekozen functie: separate_traject
Gekozen functie: change_start_station
Gekozen functie: change_start_station
"Gekozen functie: change_start_station, 8216.0"
Gekozen functie: change_start_station
Gekozen functie: change_start_station
Gekozen functie: separate_traject
Gekozen functie: change_start_station
"Gekozen functie: change_start_station, 8234.0"
Gekozen functie: separate_traject
Gekozen functie: change_start_station
Gekozen functie: separate_traject
Gekozen functie: change_start_station
Gekozen functie: separate_traject
Gekozen functie: change_start_station
"Gekozen functie: change_start_station, 8246.0"
Gekozen functie: separate_traject
Gekozen functie: separate_traject
Gekozen functie: separate_traject
Gekozen functie: change_start_station
Gekozen functie: change_start_station
Gekozen functie: separate_traject
Gekozen functie: change_start_station
Gekozen functie: separate_traject
Gekozen functie: separate_traject
Gekozen functie: change_start_station
Gekozen functie: separate_traject
Gekozen functie: separate_traject
Gekozen functie: separate_traject
Gekozen functie: separate_traject
Gekozen functie: separate_traject
Gekozen functie: separate_traject
"Gekozen functie: change_start_station, 8257.0"
Gekozen functie: separate_traject
Gekozen functie: change_start_station
Gekozen functie: separate_traject
Gekozen functie: separate_traject
Gekozen functie: separate_traject
Gekozen functie: separate_traject
Gekozen functie: change_start_station
Gekozen functie: change_start_station
"Gekozen functie: change_start_station, 8273.0"
Gekozen functie: separate_traject
Gekozen functie: separate_traject
Gekozen functie: separate_traject
Gekozen functie: separate_traject
Gekozen functie: separate_traject
Gekozen functie: change_start_station
Gekozen functie: separate_traject
Gekozen functie: change_start_station
Gekozen functie: separate_traject
Gekozen functie: change_start_station
Gekozen functie: separate_traject
Gekozen functie: change_start_station
Gekozen functie: change_start_station
Gekozen functie: change_start_station
Gekozen functie: change_start_station
Gekozen functie: separate_traject
Gekozen functie: separate_traject
Gekozen functie: change_start_station
Gekozen functie: separate_traject
Gekozen functie: separate_traject
Gekozen functie: separate_traject
Gekozen functie: separate_traject
Gekozen functie: separate_traject
Gekozen functie: change_start_station
Gekozen functie: change_start_station
Gekozen functie: separate_traject
"Gekozen functie: change_start_station, 8283.0"
"Gekozen functie: change_start_station, 8298.0"
Gekozen functie: change_start_station
"Gekozen functie: change_start_station, 8306.0"
Gekozen functie: change_start_station
"Gekozen functie: change_start_station, 8312.0"
Gekozen functie: change_start_station
Gekozen functie: change_start_station
Gekozen functie: separate_traject
Gekozen functie: change_start_station
Gekozen functie: separate_traject
Gekozen functie: separate_traject
Gekozen functie: separate_traject
Gekozen functie: separate_traject
Gekozen functie: change_start_station
Gekozen functie: change_start_station
Gekozen functie: separate_traject
Gekozen functie: separate_traject
Gekozen functie: separate_traject
Gekozen functie: change_start_station
Gekozen functie: separate_traject
Gekozen functie: change_start_station
"Gekozen functie: change_start_station, 8318.0"
Gekozen functie: separate_traject
Gekozen functie: change_start_station
Gekozen functie: change_start_station
Gekozen functie: separate_traject
Gekozen functie: separate_traject
Gekozen functie: change_start_station
Gekozen functie: separate_traject
Gekozen functie: separate_traject
Gekozen functie: separate_traject
Gekozen functie: change_start_station
"Gekozen functie: change_start_station, 8324.0"
Gekozen functie: change_start_station
Gekozen functie: change_start_station
Gekozen functie: change_start_station
Gekozen functie: change_start_station
Gekozen functie: change_start_station
Gekozen functie: change_start_station
Gekozen functie: separate_traject
Gekozen functie: change_start_station
Gekozen functie: separate_traject
Gekozen functie: separate_traject
Gekozen functie: separate_traject
Gekozen functie: separate_traject
Gekozen functie: separate_traject
Gekozen functie: separate_traject
Gekozen functie: change_start_station
Gekozen functie: change_start_station
Gekozen functie: separate_traject
Gekozen functie: separate_traject
"Gekozen functie: change_start_station, 8330.0"
Gekozen functie: separate_traject
"Gekozen functie: change_start_station, 8346.0"
Gekozen functie: change_start_station
Gekozen functie: separate_traject
Gekozen functie: separate_traject
Gekozen functie: separate_traject
Gekozen functie: separate_traject
Gekozen functie: separate_traject
Gekozen functie: change_start_station
Gekozen functie: change_start_station
"Gekozen functie: change_start_station, 8356.0"
"Gekozen functie: change_start_station, 8362.0"
Gekozen functie: separate_traject
"Gekozen functie: change_start_station, 8373.0"
Gekozen functie: separate_traject
Gekozen functie: separate_traject
Gekozen functie: separate_traject
"Gekozen functie: change_start_station, 8381.0"
Gekozen functie: separate_traject
Gekozen functie: change_start_station
Gekozen functie: separate_traject
Gekozen functie: change_start_station
"Gekozen functie: change_start_station, 8389.0"
Gekozen functie: separate_traject
Gekozen functie: separate_traject
Gekozen functie: separate_traject
Gekozen functie: separate_traject
Gekozen functie: separate_traject
Gekozen functie: separate_traject
Gekozen functie: change_start_station
Gekozen functie: change_start_station
Gekozen functie: change_start_station
Gekozen functie: separate_traject
Gekozen functie: separate_traject
Gekozen functie: change_start_station
Gekozen functie: change_start_station
Gekozen functie: change_start_station
Gekozen functie: separate_traject
Gekozen functie: change_start_station
Gekozen functie: separate_traject
Gekozen functie: separate_traject
Gekozen functie: separate_traject
Gekozen functie: change_start_station
Gekozen functie: change_start_station
Gekozen functie: change_start_station
Gekozen functie: separate_traject
Gekozen functie: separate_traject
Gekozen functie: separate_traject
Gekozen functie: separate_traject
Gekozen functie: change_start_station
Gekozen functie: change_start_station
Gekozen functie: separate_traject
Gekozen functie: separate_traject
Gekozen functie: change_start_station
Gekozen functie: separate_traject
Gekozen functie: change_start_station
Gekozen functie: separate_traject
Gekozen functie: separate_traject
Gekozen functie: change_start_station
Gekozen functie: change_start_station
Gekozen functie: change_start_station
Gekozen functie: separate_traject
Gekozen functie: change_start_station
Gekozen functie: change_start_station
Gekozen functie: change_start_station
Gekozen functie: change_start_station
Gekozen functie: separate_traject
Gekozen functie: change_start_station
Gekozen functie: change_start_station
Gekozen functie: separate_traject
Gekozen functie: separate_traject
Gekozen functie: separate_traject
Gekozen functie: change_start_station
Gekozen functie: change_start_station
Gekozen functie: separate_traject
Gekozen functie: separate_traject
Gekozen functie: separate_traject
Gekozen functie: separate_traject
Gekozen functie: separate_traject
Gekozen functie: change_start_station
Gekozen functie: change_start_station
Gekozen functie: change_start_station
Gekozen functie: separate_traject
Gekozen functie: change_start_station
Gekozen functie: change_start_station
Gekozen functie: change_start_station
Gekozen functie: separate_traject
Gekozen functie: change_start_station
Gekozen functie: change_start_station
Gekozen functie: change_start_station
Gekozen functie: separate_traject
Gekozen functie: change_start_station
Gekozen functie: separate_traject
Gekozen functie: change_start_station
Gekozen functie: separate_traject
Gekozen functie: separate_traject
Gekozen functie: change_start_station
Gekozen functie: change_start_station
Gekozen functie: separate_traject
Gekozen functie: change_start_station
Gekozen functie: change_start_station
Gekozen functie: change_start_station
Gekozen functie: change_start_station
Gekozen functie: separate_traject
Gekozen functie: change_start_station
Gekozen functie: change_start_station
Gekozen functie: separate_traject
Gekozen functie: change_start_station
Gekozen functie: change_start_station
Gekozen functie: change_start_station
Gekozen functie: change_start_station
Gekozen functie: change_start_station
Gekozen functie: change_start_station
Gekozen functie: change_start_station
Gekozen functie: change_start_station
Gekozen functie: separate_traject
Gekozen functie: separate_traject
Gekozen functie: change_start_station
Gekozen functie: separate_traject
Gekozen functie: separate_traject
Gekozen functie: change_start_station
Gekozen functie: change_start_station
Gekozen functie: separate_traject
Gekozen functie: change_start_station
Gekozen functie: change_start_station
Gekozen functie: separate_traject
Gekozen functie: separate_traject
Gekozen functie: change_start_station
Gekozen functie: change_start_station
Gekozen functie: change_start_station
Gekozen functie: change_start_station
Gekozen functie: change_start_station
Gekozen functie: separate_traject
Gekozen functie: separate_traject
Gekozen functie: separate_traject
Gekozen functie: change_start_station
Gekozen functie: separate_traject
Gekozen functie: change_start_station
Gekozen functie: separate_traject
Gekozen functie: separate_traject
Gekozen functie: separate_traject
Gekozen functie: separate_traject
Gekozen functie: change_start_station
Gekozen functie: change_start_station
Gekozen functie: separate_traject
Gekozen functie: change_start_station
Gekozen functie: change_start_station
Gekozen functie: change_start_station
Gekozen functie: separate_traject
Gekozen functie: change_start_station
Gekozen functie: change_start_station
Gekozen functie: change_start_station
Gekozen functie: separate_traject
Gekozen functie: separate_traject
Gekozen functie: separate_traject
Gekozen functie: separate_traject
Gekozen functie: change_start_station
Gekozen functie: separate_traject
Gekozen functie: change_start_station
Gekozen functie: change_start_station
Gekozen functie: change_start_station
Gekozen functie: change_start_station
Gekozen functie: change_start_station
Gekozen functie: change_start_station
Gekozen functie: change_start_station
Gekozen functie: separate_traject
Gekozen functie: change_start_station
Gekozen functie: separate_traject
Gekozen functie: separate_traject
Gekozen functie: change_start_station
Gekozen functie: change_start_station
Gekozen functie: change_start_station
Gekozen functie: separate_traject
Gekozen functie: change_start_station
Gekozen functie: change_start_station
Gekozen functie: change_start_station
Gekozen functie: change_start_station
Gekozen functie: change_start_station
Gekozen functie: change_start_station
Gekozen functie: separate_traject
Gekozen functie: separate_traject
Gekozen functie: change_start_station
Gekozen functie: change_start_station
Gekozen functie: change_start_station
Gekozen functie: change_start_station
Gekozen functie: separate_traject
Gekozen functie: separate_traject
Gekozen functie: separate_traject
Gekozen functie: change_start_station
Gekozen functie: separate_traject
Gekozen functie: change_start_station
Gekozen functie: change_start_station
Gekozen functie: change_start_station
Gekozen functie: change_start_station
Gekozen functie: change_start_station
Gekozen functie: separate_traject
Gekozen functie: separate_traject
Gekozen functie: separate_traject
Gekozen functie: separate_traject
Gekozen functie: change_start_station
Gekozen functie: separate_traject
Gekozen functie: change_start_station
Gekozen functie: change_start_station
Gekozen functie: separate_traject
Gekozen functie: separate_traject
Gekozen functie: change_start_station
Gekozen functie: separate_traject
Gekozen functie: separate_traject
Gekozen functie: separate_traject
Gekozen functie: separate_traject
Gekozen functie: separate_traject
Gekozen functie: change_start_station
Gekozen functie: change_start_station
Gekozen functie: separate_traject
Gekozen functie: separate_traject
Gekozen functie: change_start_station
Gekozen functie: separate_traject
Gekozen functie: change_start_station
Gekozen functie: separate_traject
Gekozen functie: change_start_station
Gekozen functie: separate_traject
Gekozen functie: separate_traject
Gekozen functie: change_start_station
Gekozen functie: change_start_station
Gekozen functie: change_start_station
Gekozen functie: separate_traject
Gekozen functie: separate_traject
Gekozen functie: separate_traject
Gekozen functie: change_start_station
Gekozen functie: change_start_station
Gekozen functie: change_start_station
Gekozen functie: change_start_station
Gekozen functie: separate_traject
Gekozen functie: separate_traject
Gekozen functie: separate_traject
Gekozen functie: separate_traject
Gekozen functie: change_start_station
Gekozen functie: separate_traject
Gekozen functie: separate_traject
Gekozen functie: separate_traject
Gekozen functie: separate_traject
Gekozen functie: change_start_station
Gekozen functie: change_start_station
Gekozen functie: change_start_station
Gekozen functie: change_start_station
Gekozen functie: change_start_station
Gekozen functie: change_start_station
Gekozen functie: change_start_station
Gekozen functie: change_start_station
Gekozen functie: change_start_station
Gekozen functie: separate_traject
Gekozen functie: separate_traject
Gekozen functie: separate_traject
Gekozen functie: change_start_station
Gekozen functie: separate_traject
Gekozen functie: change_start_station
Gekozen functie: separate_traject
Gekozen functie: change_start_station
Gekozen functie: change_start_station
Gekozen functie: change_start_station
Gekozen functie: change_start_station
Gekozen functie: separate_traject
Gekozen functie: separate_traject
Gekozen functie: separate_traject
Gekozen functie: separate_traject
Gekozen functie: separate_traject
Gekozen functie: change_start_station
Gekozen functie: separate_traject
Gekozen functie: separate_traject
Gekozen functie: separate_traject
Gekozen functie: separate_traject
Gekozen functie: separate_traject
Gekozen functie: separate_traject
Gekozen functie: separate_traject
Gekozen functie: separate_traject
Gekozen functie: change_start_station
Gekozen functie: separate_traject
Gekozen functie: change_start_station
Gekozen functie: change_start_station
Gekozen functie: change_start_station
Gekozen functie: change_start_station
Gekozen functie: change_start_station
Gekozen functie: change_start_station
Gekozen functie: separate_traject
Gekozen functie: change_start_station
Gekozen functie: separate_traject
Gekozen functie: change_start_station
Gekozen functie: change_start_station
Gekozen functie: separate_traject
Gekozen functie: change_start_station
Gekozen functie: separate_traject
Gekozen functie: separate_traject
Gekozen functie: change_start_station
Gekozen functie: separate_traject
Gekozen functie: separate_traject
Gekozen functie: change_start_station
Gekozen functie: change_start_station
Gekozen functie: change_start_station
Gekozen functie: separate_traject
Gekozen functie: change_start_station
Gekozen functie: separate_traject
Gekozen functie: change_start_station
Gekozen functie: change_start_station
Gekozen functie: separate_traject
Gekozen functie: change_start_station
Gekozen functie: separate_traject
Gekozen functie: change_start_station
Gekozen functie: change_start_station
Gekozen functie: separate_traject
Gekozen functie: separate_traject
Gekozen functie: change_start_station
Gekozen functie: separate_traject
Gekozen functie: separate_traject
Gekozen functie: change_start_station
Gekozen functie: separate_traject
Gekozen functie: change_start_station
Gekozen functie: separate_traject
Gekozen functie: change_start_station
Gekozen functie: change_start_station
Gekozen functie: separate_traject
Gekozen functie: separate_traject
Gekozen functie: separate_traject
Gekozen functie: change_start_station
Gekozen functie: change_start_station
Gekozen functie: separate_traject
Gekozen functie: separate_traject
Gekozen functie: change_start_station
Gekozen functie: change_start_station
Gekozen functie: separate_traject
Gekozen functie: separate_traject
Gekozen functie: change_start_station
Gekozen functie: change_start_station
Gekozen functie: separate_traject
Gekozen functie: change_start_station
Gekozen functie: change_start_station
Gekozen functie: separate_traject
Gekozen functie: separate_traject
Gekozen functie: separate_traject
Gekozen functie: change_start_station
Gekozen functie: change_start_station
Gekozen functie: separate_traject
Gekozen functie: change_start_station
Gekozen functie: separate_traject
Gekozen functie: change_start_station
Gekozen functie: change_start_station
Gekozen functie: separate_traject
Gekozen functie: separate_traject
Gekozen functie: change_start_station
Gekozen functie: change_start_station
Gekozen functie: change_start_station
Gekozen functie: separate_traject
Gekozen functie: change_start_station
Gekozen functie: separate_traject
Gekozen functie: separate_traject
Gekozen functie: change_start_station
Gekozen functie: separate_traject
Gekozen functie: separate_traject
Gekozen functie: change_start_station
Gekozen functie: separate_traject
Gekozen functie: change_start_station
Gekozen functie: change_start_station
Gekozen functie: change_start_station
Gekozen functie: separate_traject
Gekozen functie: separate_traject
Gekozen functie: separate_traject
Gekozen functie: separate_traject
Gekozen functie: change_start_station
Gekozen functie: separate_traject
Gekozen functie: change_start_station
Gekozen functie: separate_traject
Gekozen functie: separate_traject
Gekozen functie: change_start_station
Gekozen functie: change_start_station
Gekozen functie: change_start_station
Gekozen functie: change_start_station
Gekozen functie: separate_traject
Gekozen functie: separate_traject
Gekozen functie: change_start_station
Gekozen functie: separate_traject
Gekozen functie: change_start_station
Gekozen functie: separate_traject
Gekozen functie: separate_traject
Gekozen functie: separate_traject
Gekozen functie: separate_traject
Gekozen functie: change_start_station
Gekozen functie: change_start_station
Gekozen functie: separate_traject
Gekozen functie: change_start_station
Gekozen functie: change_start_station
Gekozen functie: change_start_station
Gekozen functie: change_start_station
Gekozen functie: change_start_station
Gekozen functie: separate_traject
Gekozen functie: separate_traject
Gekozen functie: separate_traject
Gekozen functie: separate_traject
Gekozen functie: change_start_station
Gekozen functie: separate_traject
Gekozen functie: change_start_station
Gekozen functie: change_start_station
Gekozen functie: separate_traject
Gekozen functie: change_start_station
Gekozen functie: separate_traject
Gekozen functie: change_start_station
Gekozen functie: change_start_station
Gekozen functie: separate_traject
Gekozen functie: separate_traject
Gekozen functie: separate_traject
Gekozen functie: separate_traject
Gekozen functie: separate_traject
Gekozen functie: change_start_station
Gekozen functie: change_start_station
Gekozen functie: change_start_station
Gekozen functie: change_start_station
Gekozen functie: change_start_station
Gekozen functie: separate_traject
Gekozen functie: separate_traject
Gekozen functie: change_start_station
Gekozen functie: change_start_station
Gekozen functie: change_start_station
Gekozen functie: change_start_station
Gekozen functie: separate_traject
Gekozen functie: separate_traject
Gekozen functie: change_start_station
Gekozen functie: change_start_station
Gekozen functie: separate_traject
Gekozen functie: separate_traject
Gekozen functie: change_start_station
Gekozen functie: separate_traject
Gekozen functie: separate_traject
Gekozen functie: separate_traject
Gekozen functie: separate_traject
Gekozen functie: change_start_station
Gekozen functie: change_start_station
Gekozen functie: change_start_station
Gekozen functie: separate_traject
Gekozen functie: change_start_station
Gekozen functie: change_start_station
Gekozen functie: change_start_station
Gekozen functie: separate_traject
Gekozen functie: change_start_station
Gekozen functie: change_start_station
Gekozen functie: separate_traject
Gekozen functie: change_start_station
Gekozen functie: separate_traject
Gekozen functie: separate_traject
Gekozen functie: change_start_station
Gekozen functie: change_start_station
Gekozen functie: change_start_station
Gekozen functie: separate_traject
Gekozen functie: change_start_station
Gekozen functie: separate_traject
Gekozen functie: separate_traject
Gekozen functie: change_start_station
Gekozen functie: change_start_station
Gekozen functie: change_start_station
Gekozen functie: change_start_station
Gekozen functie: change_start_station
Gekozen functie: change_start_station
Gekozen functie: change_start_station
Gekozen functie: change_start_station
Gekozen functie: separate_traject
Gekozen functie: change_start_station
Gekozen functie: change_start_station
Gekozen functie: separate_traject
Gekozen functie: change_start_station
Gekozen functie: change_start_station
Gekozen functie: change_start_station
Gekozen functie: separate_traject
Gekozen functie: change_start_station
Gekozen functie: change_start_station
Gekozen functie: separate_traject
Gekozen functie: separate_traject
Gekozen functie: change_start_station
Gekozen functie: change_start_station
Gekozen functie: change_start_station
Gekozen functie: separate_traject
Gekozen functie: separate_traject
Gekozen functie: separate_traject
Gekozen functie: separate_traject
Gekozen functie: separate_traject
Gekozen functie: separate_traject
Gekozen functie: change_start_station
Gekozen functie: change_start_station
Gekozen functie: separate_traject
Gekozen functie: change_start_station
Gekozen functie: change_start_station
Gekozen functie: separate_traject
Gekozen functie: change_start_station
Gekozen functie: separate_traject
Gekozen functie: change_start_station
Gekozen functie: separate_traject
Gekozen functie: change_start_station
Gekozen functie: separate_traject
Gekozen functie: change_start_station
Gekozen functie: separate_traject
Gekozen functie: separate_traject
Gekozen functie: change_start_station
Gekozen functie: change_start_station
Gekozen functie: change_start_station
Gekozen functie: separate_traject
Gekozen functie: change_start_station
Gekozen functie: separate_traject
Gekozen functie: change_start_station
Gekozen functie: separate_traject
Gekozen functie: change_start_station
Gekozen functie: separate_traject
Gekozen functie: change_start_station
Gekozen functie: change_start_station
Gekozen functie: separate_traject
Gekozen functie: change_start_station
Gekozen functie: change_start_station
Gekozen functie: change_start_station
Gekozen functie: separate_traject
Gekozen functie: change_start_station
Gekozen functie: change_start_station
Gekozen functie: separate_traject
Gekozen functie: change_start_station
Gekozen functie: change_start_station
Gekozen functie: separate_traject
Gekozen functie: change_start_station
Gekozen functie: separate_traject
Gekozen functie: separate_traject
Gekozen functie: separate_traject
Gekozen functie: change_start_station
Gekozen functie: change_start_station
Gekozen functie: separate_traject
Gekozen functie: change_start_station
Gekozen functie: separate_traject
Gekozen functie: separate_traject
Gekozen functie: change_start_station
Gekozen functie: separate_traject
Gekozen functie: change_start_station
Gekozen functie: separate_traject
Gekozen functie: separate_traject
Gekozen functie: separate_traject
Gekozen functie: separate_traject
Gekozen functie: change_start_station
Gekozen functie: change_start_station
Gekozen functie: change_start_station
Gekozen functie: change_start_station
Gekozen functie: separate_traject
Gekozen functie: change_start_station
Gekozen functie: change_start_station
Gekozen functie: change_start_station
Gekozen functie: change_start_station
Gekozen functie: change_start_station
Gekozen functie: separate_traject
Gekozen functie: separate_traject
Gekozen functie: change_start_station
Gekozen functie: change_start_station
Gekozen functie: separate_traject
Gekozen functie: separate_traject
Gekozen functie: change_start_station
Gekozen functie: separate_traject
Gekozen functie: change_start_station
Gekozen functie: change_start_station
Gekozen functie: change_start_station
Gekozen functie: change_start_station
Gekozen functie: change_start_station
Gekozen functie: change_start_station
Gekozen functie: separate_traject
Gekozen functie: separate_traject
Gekozen functie: separate_traject
Gekozen functie: change_start_station
Gekozen functie: change_start_station
Gekozen functie: change_start_station
Gekozen functie: separate_traject
Gekozen functie: change_start_station
Gekozen functie: separate_traject
Gekozen functie: change_start_station
Gekozen functie: separate_traject
Gekozen functie: change_start_station
Gekozen functie: separate_traject
Gekozen functie: separate_traject
Gekozen functie: change_start_station
Gekozen functie: change_start_station
Gekozen functie: separate_traject
Gekozen functie: change_start_station
Gekozen functie: change_start_station
Gekozen functie: change_start_station
Gekozen functie: separate_traject
Gekozen functie: change_start_station
Gekozen functie: change_start_station
Gekozen functie: change_start_station
Gekozen functie: separate_traject
Gekozen functie: change_start_station
Gekozen functie: separate_traject
Gekozen functie: separate_traject
Gekozen functie: change_start_station
Gekozen functie: separate_traject
Gekozen functie: separate_traject
