"Gekozen functie: separate_traject, 6873.428571428571"
"Gekozen functie: separate_traject, 7366.714285714286"
Gekozen functie: separate_traject
Gekozen functie: separate_traject
Gekozen functie: separate_traject
Gekozen functie: separate_traject
Gekozen functie: separate_traject
Gekozen functie: separate_traject
Gekozen functie: separate_traject
Gekozen functie: separate_traject
Gekozen functie: separate_traject
Gekozen functie: separate_traject
Gekozen functie: separate_traject
"Gekozen functie: separate_traject, 7496.857142857143"
"Gekozen functie: separate_traject, 7653.0"
Gekozen functie: separate_traject
Gekozen functie: separate_traject
Gekozen functie: separate_traject
Gekozen functie: separate_traject
Gekozen functie: separate_traject
Gekozen functie: separate_traject
Gekozen functie: separate_traject
Gekozen functie: separate_traject
Gekozen functie: separate_traject
Gekozen functie: separate_traject
Gekozen functie: separate_traject
Gekozen functie: separate_traject
Gekozen functie: separate_traject
Gekozen functie: separate_traject
Gekozen functie: separate_traject
Gekozen functie: separate_traject
Gekozen functie: separate_traject
Gekozen functie: separate_traject
Gekozen functie: separate_traject
Gekozen functie: separate_traject
Gekozen functie: separate_traject
Gekozen functie: separate_traject
Gekozen functie: separate_traject
Gekozen functie: separate_traject
Gekozen functie: separate_traject
Gekozen functie: separate_traject
Gekozen functie: separate_traject
Gekozen functie: separate_traject
Gekozen functie: separate_traject
Gekozen functie: separate_traject
Gekozen functie: separate_traject
Gekozen functie: separate_traject
Gekozen functie: separate_traject
Gekozen functie: separate_traject
Gekozen functie: separate_traject
Gekozen functie: separate_traject
Gekozen functie: separate_traject
Gekozen functie: separate_traject
Gekozen functie: separate_traject
Gekozen functie: separate_traject
Gekozen functie: separate_traject
Gekozen functie: separate_traject
Gekozen functie: separate_traject
Gekozen functie: separate_traject
Gekozen functie: separate_traject
Gekozen functie: separate_traject
Gekozen functie: separate_traject
Gekozen functie: separate_traject
Gekozen functie: separate_traject
Gekozen functie: separate_traject
Gekozen functie: separate_traject
Gekozen functie: separate_traject
Gekozen functie: separate_traject
Gekozen functie: separate_traject
Gekozen functie: separate_traject
Gekozen functie: separate_traject
Gekozen functie: separate_traject
Gekozen functie: separate_traject
Gekozen functie: separate_traject
Gekozen functie: separate_traject
Gekozen functie: separate_traject
Gekozen functie: separate_traject
Gekozen functie: separate_traject
Gekozen functie: separate_traject
Gekozen functie: separate_traject
Gekozen functie: separate_traject
Gekozen functie: separate_traject
Gekozen functie: separate_traject
Gekozen functie: separate_traject
Gekozen functie: separate_traject
Gekozen functie: separate_traject
Gekozen functie: separate_traject
Gekozen functie: separate_traject
Gekozen functie: separate_traject
Gekozen functie: separate_traject
Gekozen functie: separate_traject
Gekozen functie: separate_traject
Gekozen functie: separate_traject
Gekozen functie: separate_traject
Gekozen functie: separate_traject
Gekozen functie: separate_traject
Gekozen functie: separate_traject
Gekozen functie: separate_traject
Gekozen functie: separate_traject
Gekozen functie: separate_traject
Gekozen functie: separate_traject
Gekozen functie: separate_traject
Gekozen functie: separate_traject
Gekozen functie: separate_traject
Gekozen functie: separate_traject
Gekozen functie: separate_traject
Gekozen functie: separate_traject
Gekozen functie: separate_traject
Gekozen functie: separate_traject
Gekozen functie: separate_traject
Gekozen functie: separate_traject
Gekozen functie: separate_traject
Gekozen functie: separate_traject
Gekozen functie: separate_traject
Gekozen functie: separate_traject
Gekozen functie: separate_traject
Gekozen functie: separate_traject
Gekozen functie: separate_traject
Gekozen functie: separate_traject
Gekozen functie: separate_traject
Gekozen functie: separate_traject
Gekozen functie: separate_traject
Gekozen functie: separate_traject
Gekozen functie: separate_traject
Gekozen functie: separate_traject
Gekozen functie: separate_traject
Gekozen functie: separate_traject
Gekozen functie: separate_traject
Gekozen functie: separate_traject
Gekozen functie: separate_traject
Gekozen functie: separate_traject
Gekozen functie: separate_traject
Gekozen functie: separate_traject
Gekozen functie: separate_traject
Gekozen functie: separate_traject
Gekozen functie: separate_traject
Gekozen functie: separate_traject
Gekozen functie: separate_traject
Gekozen functie: separate_traject
Gekozen functie: separate_traject
Gekozen functie: separate_traject
Gekozen functie: separate_traject
Gekozen functie: separate_traject
Gekozen functie: separate_traject
Gekozen functie: separate_traject
Gekozen functie: separate_traject
Gekozen functie: separate_traject
Gekozen functie: separate_traject
Gekozen functie: separate_traject
Gekozen functie: separate_traject
Gekozen functie: separate_traject
Gekozen functie: separate_traject
Gekozen functie: separate_traject
Gekozen functie: separate_traject
Gekozen functie: separate_traject
Gekozen functie: separate_traject
Gekozen functie: separate_traject
Gekozen functie: separate_traject
Gekozen functie: separate_traject
Gekozen functie: separate_traject
Gekozen functie: separate_traject
Gekozen functie: separate_traject
Gekozen functie: separate_traject
Gekozen functie: separate_traject
Gekozen functie: separate_traject
Gekozen functie: separate_traject
Gekozen functie: separate_traject
Gekozen functie: separate_traject
Gekozen functie: separate_traject
Gekozen functie: separate_traject
Gekozen functie: separate_traject
Gekozen functie: separate_traject
Gekozen functie: separate_traject
Gekozen functie: separate_traject
Gekozen functie: separate_traject
Gekozen functie: separate_traject
Gekozen functie: separate_traject
Gekozen functie: separate_traject
Gekozen functie: separate_traject
Gekozen functie: separate_traject
Gekozen functie: separate_traject
Gekozen functie: separate_traject
Gekozen functie: separate_traject
Gekozen functie: separate_traject
Gekozen functie: separate_traject
Gekozen functie: separate_traject
Gekozen functie: separate_traject
Gekozen functie: separate_traject
Gekozen functie: separate_traject
Gekozen functie: separate_traject
Gekozen functie: separate_traject
Gekozen functie: separate_traject
Gekozen functie: separate_traject
Gekozen functie: separate_traject
Gekozen functie: separate_traject
Gekozen functie: separate_traject
Gekozen functie: separate_traject
Gekozen functie: separate_traject
Gekozen functie: separate_traject
Gekozen functie: separate_traject
Gekozen functie: separate_traject
Gekozen functie: separate_traject
Gekozen functie: separate_traject
Gekozen functie: separate_traject
Gekozen functie: separate_traject
Gekozen functie: separate_traject
Gekozen functie: separate_traject
Gekozen functie: separate_traject
Gekozen functie: separate_traject
Gekozen functie: separate_traject
Gekozen functie: separate_traject
Gekozen functie: separate_traject
Gekozen functie: separate_traject
Gekozen functie: separate_traject
Gekozen functie: separate_traject
Gekozen functie: separate_traject
Gekozen functie: separate_traject
Gekozen functie: separate_traject
Gekozen functie: separate_traject
Gekozen functie: separate_traject
Gekozen functie: separate_traject
Gekozen functie: separate_traject
Gekozen functie: separate_traject
Gekozen functie: separate_traject
Gekozen functie: separate_traject
Gekozen functie: separate_traject
Gekozen functie: separate_traject
Gekozen functie: separate_traject
Gekozen functie: separate_traject
Gekozen functie: separate_traject
Gekozen functie: separate_traject
Gekozen functie: separate_traject
Gekozen functie: separate_traject
Gekozen functie: separate_traject
Gekozen functie: separate_traject
Gekozen functie: separate_traject
Gekozen functie: separate_traject
Gekozen functie: separate_traject
Gekozen functie: separate_traject
Gekozen functie: separate_traject
Gekozen functie: separate_traject
Gekozen functie: separate_traject
Gekozen functie: separate_traject
Gekozen functie: separate_traject
Gekozen functie: separate_traject
Gekozen functie: separate_traject
Gekozen functie: separate_traject
Gekozen functie: separate_traject
Gekozen functie: separate_traject
Gekozen functie: separate_traject
Gekozen functie: separate_traject
Gekozen functie: separate_traject
Gekozen functie: separate_traject
Gekozen functie: separate_traject
Gekozen functie: separate_traject
Gekozen functie: separate_traject
Gekozen functie: separate_traject
Gekozen functie: separate_traject
Gekozen functie: separate_traject
Gekozen functie: separate_traject
Gekozen functie: separate_traject
Gekozen functie: separate_traject
Gekozen functie: separate_traject
Gekozen functie: separate_traject
Gekozen functie: separate_traject
Gekozen functie: separate_traject
Gekozen functie: separate_traject
Gekozen functie: separate_traject
Gekozen functie: separate_traject
Gekozen functie: separate_traject
Gekozen functie: separate_traject
Gekozen functie: separate_traject
Gekozen functie: separate_traject
Gekozen functie: separate_traject
Gekozen functie: separate_traject
Gekozen functie: separate_traject
Gekozen functie: separate_traject
Gekozen functie: separate_traject
Gekozen functie: separate_traject
Gekozen functie: separate_traject
Gekozen functie: separate_traject
Gekozen functie: separate_traject
Gekozen functie: separate_traject
Gekozen functie: separate_traject
Gekozen functie: separate_traject
Gekozen functie: separate_traject
Gekozen functie: separate_traject
Gekozen functie: separate_traject
Gekozen functie: separate_traject
Gekozen functie: separate_traject
Gekozen functie: separate_traject
Gekozen functie: separate_traject
Gekozen functie: separate_traject
Gekozen functie: separate_traject
Gekozen functie: separate_traject
Gekozen functie: separate_traject
Gekozen functie: separate_traject
Gekozen functie: separate_traject
Gekozen functie: separate_traject
Gekozen functie: separate_traject
Gekozen functie: separate_traject
Gekozen functie: separate_traject
Gekozen functie: separate_traject
Gekozen functie: separate_traject
Gekozen functie: separate_traject
Gekozen functie: separate_traject
Gekozen functie: separate_traject
Gekozen functie: separate_traject
Gekozen functie: separate_traject
Gekozen functie: separate_traject
Gekozen functie: separate_traject
Gekozen functie: separate_traject
Gekozen functie: separate_traject
Gekozen functie: separate_traject
Gekozen functie: separate_traject
Gekozen functie: separate_traject
Gekozen functie: separate_traject
Gekozen functie: separate_traject
Gekozen functie: separate_traject
Gekozen functie: separate_traject
Gekozen functie: separate_traject
Gekozen functie: separate_traject
Gekozen functie: separate_traject
Gekozen functie: separate_traject
Gekozen functie: separate_traject
Gekozen functie: separate_traject
Gekozen functie: separate_traject
Gekozen functie: separate_traject
Gekozen functie: separate_traject
Gekozen functie: separate_traject
Gekozen functie: separate_traject
Gekozen functie: separate_traject
Gekozen functie: separate_traject
Gekozen functie: separate_traject
Gekozen functie: separate_traject
Gekozen functie: separate_traject
Gekozen functie: separate_traject
Gekozen functie: separate_traject
Gekozen functie: separate_traject
Gekozen functie: separate_traject
Gekozen functie: separate_traject
Gekozen functie: separate_traject
Gekozen functie: separate_traject
Gekozen functie: separate_traject
Gekozen functie: separate_traject
Gekozen functie: separate_traject
Gekozen functie: separate_traject
Gekozen functie: separate_traject
Gekozen functie: separate_traject
Gekozen functie: separate_traject
Gekozen functie: separate_traject
Gekozen functie: separate_traject
Gekozen functie: separate_traject
Gekozen functie: separate_traject
Gekozen functie: separate_traject
Gekozen functie: separate_traject
Gekozen functie: separate_traject
Gekozen functie: separate_traject
Gekozen functie: separate_traject
Gekozen functie: separate_traject
Gekozen functie: separate_traject
Gekozen functie: separate_traject
Gekozen functie: separate_traject
Gekozen functie: separate_traject
Gekozen functie: separate_traject
Gekozen functie: separate_traject
Gekozen functie: separate_traject
Gekozen functie: separate_traject
Gekozen functie: separate_traject
Gekozen functie: separate_traject
Gekozen functie: separate_traject
Gekozen functie: separate_traject
Gekozen functie: separate_traject
Gekozen functie: separate_traject
Gekozen functie: separate_traject
Gekozen functie: separate_traject
Gekozen functie: separate_traject
Gekozen functie: separate_traject
Gekozen functie: separate_traject
Gekozen functie: separate_traject
Gekozen functie: separate_traject
Gekozen functie: separate_traject
Gekozen functie: separate_traject
Gekozen functie: separate_traject
Gekozen functie: separate_traject
Gekozen functie: separate_traject
Gekozen functie: separate_traject
Gekozen functie: separate_traject
Gekozen functie: separate_traject
Gekozen functie: separate_traject
Gekozen functie: separate_traject
Gekozen functie: separate_traject
Gekozen functie: separate_traject
Gekozen functie: separate_traject
Gekozen functie: separate_traject
Gekozen functie: separate_traject
Gekozen functie: separate_traject
Gekozen functie: separate_traject
Gekozen functie: separate_traject
Gekozen functie: separate_traject
Gekozen functie: separate_traject
Gekozen functie: separate_traject
Gekozen functie: separate_traject
Gekozen functie: separate_traject
Gekozen functie: separate_traject
Gekozen functie: separate_traject
Gekozen functie: separate_traject
Gekozen functie: separate_traject
Gekozen functie: separate_traject
Gekozen functie: separate_traject
Gekozen functie: separate_traject
Gekozen functie: separate_traject
Gekozen functie: separate_traject
Gekozen functie: separate_traject
Gekozen functie: separate_traject
Gekozen functie: separate_traject
Gekozen functie: separate_traject
Gekozen functie: separate_traject
Gekozen functie: separate_traject
Gekozen functie: separate_traject
Gekozen functie: separate_traject
Gekozen functie: separate_traject
Gekozen functie: separate_traject
Gekozen functie: separate_traject
Gekozen functie: separate_traject
Gekozen functie: separate_traject
Gekozen functie: separate_traject
Gekozen functie: separate_traject
Gekozen functie: separate_traject
Gekozen functie: separate_traject
Gekozen functie: separate_traject
Gekozen functie: separate_traject
Gekozen functie: separate_traject
Gekozen functie: separate_traject
Gekozen functie: separate_traject
Gekozen functie: separate_traject
Gekozen functie: separate_traject
Gekozen functie: separate_traject
Gekozen functie: separate_traject
Gekozen functie: separate_traject
Gekozen functie: separate_traject
Gekozen functie: separate_traject
Gekozen functie: separate_traject
Gekozen functie: separate_traject
Gekozen functie: separate_traject
Gekozen functie: separate_traject
Gekozen functie: separate_traject
Gekozen functie: separate_traject
Gekozen functie: separate_traject
Gekozen functie: separate_traject
Gekozen functie: separate_traject
Gekozen functie: separate_traject
Gekozen functie: separate_traject
Gekozen functie: separate_traject
Gekozen functie: separate_traject
Gekozen functie: separate_traject
Gekozen functie: separate_traject
Gekozen functie: separate_traject
Gekozen functie: separate_traject
Gekozen functie: separate_traject
Gekozen functie: separate_traject
Gekozen functie: separate_traject
Gekozen functie: separate_traject
Gekozen functie: separate_traject
Gekozen functie: separate_traject
Gekozen functie: separate_traject
Gekozen functie: separate_traject
Gekozen functie: separate_traject
Gekozen functie: separate_traject
Gekozen functie: separate_traject
Gekozen functie: separate_traject
Gekozen functie: separate_traject
Gekozen functie: separate_traject
Gekozen functie: separate_traject
Gekozen functie: separate_traject
Gekozen functie: separate_traject
Gekozen functie: separate_traject
Gekozen functie: separate_traject
Gekozen functie: separate_traject
Gekozen functie: separate_traject
Gekozen functie: separate_traject
Gekozen functie: separate_traject
Gekozen functie: separate_traject
Gekozen functie: separate_traject
Gekozen functie: separate_traject
Gekozen functie: separate_traject
Gekozen functie: separate_traject
Gekozen functie: separate_traject
Gekozen functie: separate_traject
Gekozen functie: separate_traject
Gekozen functie: separate_traject
Gekozen functie: separate_traject
Gekozen functie: separate_traject
Gekozen functie: separate_traject
Gekozen functie: separate_traject
Gekozen functie: separate_traject
Gekozen functie: separate_traject
Gekozen functie: separate_traject
Gekozen functie: separate_traject
Gekozen functie: separate_traject
Gekozen functie: separate_traject
Gekozen functie: separate_traject
Gekozen functie: separate_traject
Gekozen functie: separate_traject
Gekozen functie: separate_traject
Gekozen functie: separate_traject
Gekozen functie: separate_traject
Gekozen functie: separate_traject
Gekozen functie: separate_traject
Gekozen functie: separate_traject
Gekozen functie: separate_traject
Gekozen functie: separate_traject
Gekozen functie: separate_traject
Gekozen functie: separate_traject
Gekozen functie: separate_traject
Gekozen functie: separate_traject
Gekozen functie: separate_traject
Gekozen functie: separate_traject
Gekozen functie: separate_traject
Gekozen functie: separate_traject
Gekozen functie: separate_traject
Gekozen functie: separate_traject
Gekozen functie: separate_traject
Gekozen functie: separate_traject
Gekozen functie: separate_traject
Gekozen functie: separate_traject
Gekozen functie: separate_traject
Gekozen functie: separate_traject
Gekozen functie: separate_traject
Gekozen functie: separate_traject
Gekozen functie: separate_traject
Gekozen functie: separate_traject
Gekozen functie: separate_traject
Gekozen functie: separate_traject
Gekozen functie: separate_traject
Gekozen functie: separate_traject
Gekozen functie: separate_traject
Gekozen functie: separate_traject
Gekozen functie: separate_traject
Gekozen functie: separate_traject
Gekozen functie: separate_traject
Gekozen functie: separate_traject
Gekozen functie: separate_traject
Gekozen functie: separate_traject
Gekozen functie: separate_traject
Gekozen functie: separate_traject
Gekozen functie: separate_traject
Gekozen functie: separate_traject
Gekozen functie: separate_traject
Gekozen functie: separate_traject
Gekozen functie: separate_traject
Gekozen functie: separate_traject
Gekozen functie: separate_traject
Gekozen functie: separate_traject
Gekozen functie: separate_traject
Gekozen functie: separate_traject
Gekozen functie: separate_traject
Gekozen functie: separate_traject
Gekozen functie: separate_traject
Gekozen functie: separate_traject
Gekozen functie: separate_traject
Gekozen functie: separate_traject
Gekozen functie: separate_traject
Gekozen functie: separate_traject
Gekozen functie: separate_traject
Gekozen functie: separate_traject
Gekozen functie: separate_traject
Gekozen functie: separate_traject
Gekozen functie: separate_traject
Gekozen functie: separate_traject
Gekozen functie: separate_traject
Gekozen functie: separate_traject
Gekozen functie: separate_traject
Gekozen functie: separate_traject
Gekozen functie: separate_traject
Gekozen functie: separate_traject
Gekozen functie: separate_traject
Gekozen functie: separate_traject
Gekozen functie: separate_traject
Gekozen functie: separate_traject
Gekozen functie: separate_traject
Gekozen functie: separate_traject
Gekozen functie: separate_traject
Gekozen functie: separate_traject
Gekozen functie: separate_traject
Gekozen functie: separate_traject
Gekozen functie: separate_traject
Gekozen functie: separate_traject
Gekozen functie: separate_traject
Gekozen functie: separate_traject
Gekozen functie: separate_traject
Gekozen functie: separate_traject
Gekozen functie: separate_traject
Gekozen functie: separate_traject
Gekozen functie: separate_traject
Gekozen functie: separate_traject
Gekozen functie: separate_traject
Gekozen functie: separate_traject
Gekozen functie: separate_traject
Gekozen functie: separate_traject
Gekozen functie: separate_traject
Gekozen functie: separate_traject
Gekozen functie: separate_traject
Gekozen functie: separate_traject
Gekozen functie: separate_traject
Gekozen functie: separate_traject
Gekozen functie: separate_traject
Gekozen functie: separate_traject
Gekozen functie: separate_traject
Gekozen functie: separate_traject
Gekozen functie: separate_traject
Gekozen functie: separate_traject
Gekozen functie: separate_traject
Gekozen functie: separate_traject
Gekozen functie: separate_traject
Gekozen functie: separate_traject
Gekozen functie: separate_traject
Gekozen functie: separate_traject
Gekozen functie: separate_traject
Gekozen functie: separate_traject
Gekozen functie: separate_traject
Gekozen functie: separate_traject
Gekozen functie: separate_traject
Gekozen functie: separate_traject
Gekozen functie: separate_traject
Gekozen functie: separate_traject
Gekozen functie: separate_traject
Gekozen functie: separate_traject
Gekozen functie: separate_traject
Gekozen functie: separate_traject
Gekozen functie: separate_traject
Gekozen functie: separate_traject
Gekozen functie: separate_traject
Gekozen functie: separate_traject
Gekozen functie: separate_traject
Gekozen functie: separate_traject
Gekozen functie: separate_traject
Gekozen functie: separate_traject
Gekozen functie: separate_traject
Gekozen functie: separate_traject
Gekozen functie: separate_traject
Gekozen functie: separate_traject
Gekozen functie: separate_traject
Gekozen functie: separate_traject
Gekozen functie: separate_traject
Gekozen functie: separate_traject
Gekozen functie: separate_traject
Gekozen functie: separate_traject
Gekozen functie: separate_traject
Gekozen functie: separate_traject
Gekozen functie: separate_traject
Gekozen functie: separate_traject
Gekozen functie: separate_traject
Gekozen functie: separate_traject
Gekozen functie: separate_traject
Gekozen functie: separate_traject
Gekozen functie: separate_traject
Gekozen functie: separate_traject
Gekozen functie: separate_traject
Gekozen functie: separate_traject
Gekozen functie: separate_traject
Gekozen functie: separate_traject
Gekozen functie: separate_traject
Gekozen functie: separate_traject
Gekozen functie: separate_traject
Gekozen functie: separate_traject
Gekozen functie: separate_traject
Gekozen functie: separate_traject
Gekozen functie: separate_traject
Gekozen functie: separate_traject
Gekozen functie: separate_traject
Gekozen functie: separate_traject
Gekozen functie: separate_traject
Gekozen functie: separate_traject
Gekozen functie: separate_traject
Gekozen functie: separate_traject
Gekozen functie: separate_traject
Gekozen functie: separate_traject
Gekozen functie: separate_traject
Gekozen functie: separate_traject
Gekozen functie: separate_traject
Gekozen functie: separate_traject
Gekozen functie: separate_traject
Gekozen functie: separate_traject
Gekozen functie: separate_traject
Gekozen functie: separate_traject
Gekozen functie: separate_traject
Gekozen functie: separate_traject
Gekozen functie: separate_traject
Gekozen functie: separate_traject
Gekozen functie: separate_traject
Gekozen functie: separate_traject
Gekozen functie: separate_traject
Gekozen functie: separate_traject
Gekozen functie: separate_traject
Gekozen functie: separate_traject
Gekozen functie: separate_traject
Gekozen functie: separate_traject
Gekozen functie: separate_traject
Gekozen functie: separate_traject
Gekozen functie: separate_traject
Gekozen functie: separate_traject
Gekozen functie: separate_traject
Gekozen functie: separate_traject
Gekozen functie: separate_traject
Gekozen functie: separate_traject
Gekozen functie: separate_traject
Gekozen functie: separate_traject
Gekozen functie: separate_traject
Gekozen functie: separate_traject
Gekozen functie: separate_traject
Gekozen functie: separate_traject
Gekozen functie: separate_traject
Gekozen functie: separate_traject
Gekozen functie: separate_traject
Gekozen functie: separate_traject
Gekozen functie: separate_traject
Gekozen functie: separate_traject
Gekozen functie: separate_traject
Gekozen functie: separate_traject
Gekozen functie: separate_traject
Gekozen functie: separate_traject
Gekozen functie: separate_traject
Gekozen functie: separate_traject
Gekozen functie: separate_traject
Gekozen functie: separate_traject
Gekozen functie: separate_traject
Gekozen functie: separate_traject
Gekozen functie: separate_traject
Gekozen functie: separate_traject
Gekozen functie: separate_traject
Gekozen functie: separate_traject
Gekozen functie: separate_traject
Gekozen functie: separate_traject
Gekozen functie: separate_traject
Gekozen functie: separate_traject
Gekozen functie: separate_traject
Gekozen functie: separate_traject
Gekozen functie: separate_traject
Gekozen functie: separate_traject
Gekozen functie: separate_traject
Gekozen functie: separate_traject
Gekozen functie: separate_traject
Gekozen functie: separate_traject
Gekozen functie: separate_traject
Gekozen functie: separate_traject
Gekozen functie: separate_traject
Gekozen functie: separate_traject
Gekozen functie: separate_traject
Gekozen functie: separate_traject
Gekozen functie: separate_traject
Gekozen functie: separate_traject
Gekozen functie: separate_traject
Gekozen functie: separate_traject
Gekozen functie: separate_traject
Gekozen functie: separate_traject
Gekozen functie: separate_traject
Gekozen functie: separate_traject
Gekozen functie: separate_traject
Gekozen functie: separate_traject
Gekozen functie: separate_traject
Gekozen functie: separate_traject
Gekozen functie: separate_traject
Gekozen functie: separate_traject
Gekozen functie: separate_traject
Gekozen functie: separate_traject
Gekozen functie: separate_traject
Gekozen functie: separate_traject
Gekozen functie: separate_traject
Gekozen functie: separate_traject
Gekozen functie: separate_traject
Gekozen functie: separate_traject
Gekozen functie: separate_traject
Gekozen functie: separate_traject
Gekozen functie: separate_traject
Gekozen functie: separate_traject
Gekozen functie: separate_traject
Gekozen functie: separate_traject
Gekozen functie: separate_traject
Gekozen functie: separate_traject
Gekozen functie: separate_traject
Gekozen functie: separate_traject
Gekozen functie: separate_traject
Gekozen functie: separate_traject
Gekozen functie: separate_traject
Gekozen functie: separate_traject
Gekozen functie: separate_traject
Gekozen functie: separate_traject
Gekozen functie: separate_traject
Gekozen functie: separate_traject
Gekozen functie: separate_traject
Gekozen functie: separate_traject
Gekozen functie: separate_traject
Gekozen functie: separate_traject
Gekozen functie: separate_traject
Gekozen functie: separate_traject
Gekozen functie: separate_traject
Gekozen functie: separate_traject
Gekozen functie: separate_traject
Gekozen functie: separate_traject
