"Gekozen functie: separate_traject, 7230.571428571429"
"Gekozen functie: change_start_station, 7243.571428571429"
"Gekozen functie: mutate_trajectories, 7446.571428571429"
Gekozen functie: separate_traject
Gekozen functie: separate_traject
Gekozen functie: change_start_station
Gekozen functie: mutate_trajectories
"Gekozen functie: separate_traject, 7595.714285714286"
Gekozen functie: mutate_trajectories
"Gekozen functie: change_start_station, 7602.714285714286"
Gekozen functie: mutate_trajectories
Gekozen functie: mutate_trajectories
Gekozen functie: separate_traject
Gekozen functie: change_start_station
"Gekozen functie: separate_traject, 7740.857142857143"
"Gekozen functie: change_start_station, 7751.857142857143"
Gekozen functie: mutate_trajectories
"Gekozen functie: separate_traject, 7900.0"
Gekozen functie: mutate_trajectories
Gekozen functie: mutate_trajectories
"Gekozen functie: change_start_station, 7936.0"
"Gekozen functie: change_start_station, 7948.0"
"Gekozen functie: mutate_trajectories, 8154.0"
Gekozen functie: change_start_station
Gekozen functie: mutate_trajectories
Gekozen functie: mutate_trajectories
"Gekozen functie: change_start_station, 8179.0"
Gekozen functie: mutate_trajectories
Gekozen functie: separate_traject
Gekozen functie: separate_traject
"Gekozen functie: change_start_station, 8192.0"
Gekozen functie: separate_traject
Gekozen functie: change_start_station
Gekozen functie: mutate_trajectories
Gekozen functie: change_start_station
Gekozen functie: change_start_station
"Gekozen functie: change_start_station, 8204.0"
"Gekozen functie: change_start_station, 8222.0"
Gekozen functie: mutate_trajectories
Gekozen functie: mutate_trajectories
Gekozen functie: mutate_trajectories
Gekozen functie: separate_traject
Gekozen functie: mutate_trajectories
Gekozen functie: mutate_trajectories
Gekozen functie: change_start_station
Gekozen functie: mutate_trajectories
"Gekozen functie: change_start_station, 8247.0"
Gekozen functie: mutate_trajectories
Gekozen functie: separate_traject
Gekozen functie: mutate_trajectories
Gekozen functie: separate_traject
"Gekozen functie: change_start_station, 8254.0"
"Gekozen functie: change_start_station, 8261.0"
Gekozen functie: change_start_station
"Gekozen functie: change_start_station, 8267.0"
Gekozen functie: mutate_trajectories
Gekozen functie: separate_traject
Gekozen functie: mutate_trajectories
Gekozen functie: mutate_trajectories
"Gekozen functie: change_start_station, 8273.0"
Gekozen functie: change_start_station
"Gekozen functie: change_start_station, 8291.0"
Gekozen functie: mutate_trajectories
"Gekozen functie: change_start_station, 8303.0"
Gekozen functie: mutate_trajectories
Gekozen functie: mutate_trajectories
Gekozen functie: change_start_station
"Gekozen functie: change_start_station, 8310.0"
Gekozen functie: mutate_trajectories
Gekozen functie: change_start_station
Gekozen functie: change_start_station
"Gekozen functie: change_start_station, 8325.0"
Gekozen functie: separate_traject
Gekozen functie: change_start_station
Gekozen functie: separate_traject
Gekozen functie: change_start_station
Gekozen functie: mutate_trajectories
Gekozen functie: separate_traject
Gekozen functie: mutate_trajectories
Gekozen functie: separate_traject
Gekozen functie: separate_traject
Gekozen functie: separate_traject
Gekozen functie: change_start_station
Gekozen functie: change_start_station
Gekozen functie: separate_traject
Gekozen functie: separate_traject
Gekozen functie: change_start_station
Gekozen functie: mutate_trajectories
Gekozen functie: mutate_trajectories
Gekozen functie: change_start_station
Gekozen functie: change_start_station
Gekozen functie: change_start_station
Gekozen functie: change_start_station
Gekozen functie: mutate_trajectories
Gekozen functie: separate_traject
Gekozen functie: change_start_station
Gekozen functie: change_start_station
Gekozen functie: mutate_trajectories
Gekozen functie: mutate_trajectories
Gekozen functie: separate_traject
Gekozen functie: separate_traject
Gekozen functie: mutate_trajectories
Gekozen functie: mutate_trajectories
Gekozen functie: separate_traject
Gekozen functie: mutate_trajectories
Gekozen functie: mutate_trajectories
Gekozen functie: change_start_station
Gekozen functie: mutate_trajectories
"Gekozen functie: change_start_station, 8338.0"
Gekozen functie: separate_traject
Gekozen functie: change_start_station
Gekozen functie: mutate_trajectories
Gekozen functie: change_start_station
Gekozen functie: separate_traject
Gekozen functie: mutate_trajectories
Gekozen functie: separate_traject
Gekozen functie: separate_traject
Gekozen functie: change_start_station
Gekozen functie: separate_traject
Gekozen functie: change_start_station
Gekozen functie: mutate_trajectories
Gekozen functie: separate_traject
Gekozen functie: separate_traject
Gekozen functie: separate_traject
Gekozen functie: separate_traject
Gekozen functie: mutate_trajectories
Gekozen functie: change_start_station
Gekozen functie: change_start_station
Gekozen functie: mutate_trajectories
Gekozen functie: separate_traject
Gekozen functie: mutate_trajectories
Gekozen functie: mutate_trajectories
Gekozen functie: change_start_station
Gekozen functie: separate_traject
"Gekozen functie: change_start_station, 8354.0"
Gekozen functie: mutate_trajectories
Gekozen functie: mutate_trajectories
Gekozen functie: separate_traject
Gekozen functie: separate_traject
Gekozen functie: change_start_station
"Gekozen functie: change_start_station, 8365.0"
Gekozen functie: separate_traject
Gekozen functie: mutate_trajectories
Gekozen functie: separate_traject
"Gekozen functie: change_start_station, 8383.0"
Gekozen functie: mutate_trajectories
Gekozen functie: mutate_trajectories
Gekozen functie: separate_traject
Gekozen functie: mutate_trajectories
Gekozen functie: mutate_trajectories
Gekozen functie: change_start_station
Gekozen functie: mutate_trajectories
Gekozen functie: change_start_station
Gekozen functie: separate_traject
Gekozen functie: separate_traject
Gekozen functie: change_start_station
Gekozen functie: change_start_station
Gekozen functie: separate_traject
Gekozen functie: mutate_trajectories
Gekozen functie: mutate_trajectories
Gekozen functie: mutate_trajectories
Gekozen functie: change_start_station
Gekozen functie: separate_traject
Gekozen functie: change_start_station
Gekozen functie: change_start_station
Gekozen functie: mutate_trajectories
Gekozen functie: mutate_trajectories
Gekozen functie: mutate_trajectories
"Gekozen functie: change_start_station, 8389.0"
Gekozen functie: mutate_trajectories
Gekozen functie: change_start_station
Gekozen functie: separate_traject
Gekozen functie: separate_traject
Gekozen functie: change_start_station
Gekozen functie: mutate_trajectories
Gekozen functie: mutate_trajectories
Gekozen functie: change_start_station
Gekozen functie: mutate_trajectories
Gekozen functie: mutate_trajectories
Gekozen functie: mutate_trajectories
Gekozen functie: separate_traject
Gekozen functie: change_start_station
Gekozen functie: change_start_station
Gekozen functie: separate_traject
Gekozen functie: change_start_station
"Gekozen functie: change_start_station, 8395.0"
Gekozen functie: change_start_station
Gekozen functie: separate_traject
Gekozen functie: change_start_station
Gekozen functie: separate_traject
Gekozen functie: separate_traject
Gekozen functie: mutate_trajectories
Gekozen functie: change_start_station
Gekozen functie: mutate_trajectories
Gekozen functie: separate_traject
Gekozen functie: separate_traject
Gekozen functie: separate_traject
Gekozen functie: mutate_trajectories
Gekozen functie: mutate_trajectories
Gekozen functie: change_start_station
Gekozen functie: change_start_station
Gekozen functie: change_start_station
Gekozen functie: change_start_station
Gekozen functie: change_start_station
Gekozen functie: mutate_trajectories
Gekozen functie: change_start_station
Gekozen functie: mutate_trajectories
Gekozen functie: separate_traject
Gekozen functie: separate_traject
Gekozen functie: separate_traject
Gekozen functie: mutate_trajectories
Gekozen functie: change_start_station
Gekozen functie: change_start_station
Gekozen functie: change_start_station
Gekozen functie: mutate_trajectories
Gekozen functie: mutate_trajectories
Gekozen functie: separate_traject
Gekozen functie: mutate_trajectories
Gekozen functie: change_start_station
Gekozen functie: mutate_trajectories
Gekozen functie: mutate_trajectories
Gekozen functie: separate_traject
Gekozen functie: separate_traject
Gekozen functie: change_start_station
Gekozen functie: change_start_station
Gekozen functie: mutate_trajectories
Gekozen functie: mutate_trajectories
Gekozen functie: separate_traject
Gekozen functie: separate_traject
Gekozen functie: change_start_station
Gekozen functie: mutate_trajectories
Gekozen functie: mutate_trajectories
Gekozen functie: separate_traject
Gekozen functie: change_start_station
Gekozen functie: separate_traject
"Gekozen functie: change_start_station, 8401.0"
Gekozen functie: change_start_station
Gekozen functie: separate_traject
Gekozen functie: separate_traject
Gekozen functie: mutate_trajectories
Gekozen functie: separate_traject
Gekozen functie: separate_traject
Gekozen functie: mutate_trajectories
Gekozen functie: mutate_trajectories
Gekozen functie: mutate_trajectories
Gekozen functie: mutate_trajectories
Gekozen functie: change_start_station
Gekozen functie: change_start_station
Gekozen functie: change_start_station
Gekozen functie: change_start_station
Gekozen functie: change_start_station
Gekozen functie: change_start_station
Gekozen functie: change_start_station
Gekozen functie: separate_traject
Gekozen functie: change_start_station
Gekozen functie: separate_traject
Gekozen functie: mutate_trajectories
Gekozen functie: separate_traject
Gekozen functie: change_start_station
Gekozen functie: separate_traject
Gekozen functie: mutate_trajectories
Gekozen functie: separate_traject
Gekozen functie: change_start_station
Gekozen functie: change_start_station
Gekozen functie: mutate_trajectories
Gekozen functie: mutate_trajectories
Gekozen functie: change_start_station
Gekozen functie: separate_traject
Gekozen functie: mutate_trajectories
Gekozen functie: separate_traject
Gekozen functie: change_start_station
Gekozen functie: change_start_station
Gekozen functie: mutate_trajectories
Gekozen functie: separate_traject
Gekozen functie: mutate_trajectories
Gekozen functie: change_start_station
Gekozen functie: separate_traject
Gekozen functie: change_start_station
Gekozen functie: mutate_trajectories
Gekozen functie: mutate_trajectories
Gekozen functie: change_start_station
Gekozen functie: mutate_trajectories
Gekozen functie: mutate_trajectories
Gekozen functie: change_start_station
Gekozen functie: change_start_station
Gekozen functie: change_start_station
Gekozen functie: change_start_station
Gekozen functie: change_start_station
Gekozen functie: change_start_station
Gekozen functie: change_start_station
Gekozen functie: mutate_trajectories
Gekozen functie: change_start_station
Gekozen functie: mutate_trajectories
Gekozen functie: change_start_station
Gekozen functie: separate_traject
Gekozen functie: change_start_station
Gekozen functie: change_start_station
Gekozen functie: mutate_trajectories
Gekozen functie: separate_traject
Gekozen functie: change_start_station
Gekozen functie: change_start_station
Gekozen functie: change_start_station
Gekozen functie: separate_traject
Gekozen functie: separate_traject
Gekozen functie: change_start_station
Gekozen functie: mutate_trajectories
Gekozen functie: separate_traject
Gekozen functie: mutate_trajectories
Gekozen functie: separate_traject
Gekozen functie: mutate_trajectories
Gekozen functie: mutate_trajectories
Gekozen functie: change_start_station
Gekozen functie: separate_traject
Gekozen functie: change_start_station
Gekozen functie: separate_traject
Gekozen functie: separate_traject
Gekozen functie: separate_traject
Gekozen functie: separate_traject
Gekozen functie: separate_traject
Gekozen functie: mutate_trajectories
Gekozen functie: mutate_trajectories
Gekozen functie: separate_traject
Gekozen functie: separate_traject
Gekozen functie: separate_traject
Gekozen functie: mutate_trajectories
Gekozen functie: change_start_station
Gekozen functie: change_start_station
Gekozen functie: mutate_trajectories
Gekozen functie: mutate_trajectories
Gekozen functie: change_start_station
Gekozen functie: separate_traject
Gekozen functie: change_start_station
Gekozen functie: mutate_trajectories
Gekozen functie: change_start_station
Gekozen functie: mutate_trajectories
Gekozen functie: change_start_station
Gekozen functie: mutate_trajectories
Gekozen functie: mutate_trajectories
Gekozen functie: mutate_trajectories
Gekozen functie: change_start_station
Gekozen functie: mutate_trajectories
Gekozen functie: change_start_station
Gekozen functie: separate_traject
Gekozen functie: separate_traject
Gekozen functie: change_start_station
Gekozen functie: separate_traject
Gekozen functie: change_start_station
Gekozen functie: separate_traject
Gekozen functie: change_start_station
Gekozen functie: separate_traject
Gekozen functie: separate_traject
Gekozen functie: mutate_trajectories
Gekozen functie: mutate_trajectories
Gekozen functie: separate_traject
Gekozen functie: mutate_trajectories
Gekozen functie: separate_traject
Gekozen functie: separate_traject
Gekozen functie: mutate_trajectories
Gekozen functie: change_start_station
Gekozen functie: separate_traject
Gekozen functie: separate_traject
Gekozen functie: mutate_trajectories
Gekozen functie: mutate_trajectories
Gekozen functie: mutate_trajectories
Gekozen functie: separate_traject
Gekozen functie: mutate_trajectories
Gekozen functie: separate_traject
Gekozen functie: change_start_station
Gekozen functie: separate_traject
Gekozen functie: change_start_station
Gekozen functie: mutate_trajectories
Gekozen functie: separate_traject
Gekozen functie: separate_traject
Gekozen functie: mutate_trajectories
Gekozen functie: change_start_station
Gekozen functie: separate_traject
Gekozen functie: change_start_station
Gekozen functie: mutate_trajectories
Gekozen functie: separate_traject
Gekozen functie: separate_traject
Gekozen functie: separate_traject
Gekozen functie: mutate_trajectories
Gekozen functie: separate_traject
Gekozen functie: change_start_station
Gekozen functie: mutate_trajectories
Gekozen functie: separate_traject
Gekozen functie: separate_traject
Gekozen functie: mutate_trajectories
Gekozen functie: change_start_station
Gekozen functie: separate_traject
Gekozen functie: separate_traject
Gekozen functie: mutate_trajectories
Gekozen functie: change_start_station
Gekozen functie: separate_traject
Gekozen functie: separate_traject
Gekozen functie: mutate_trajectories
Gekozen functie: separate_traject
Gekozen functie: mutate_trajectories
Gekozen functie: separate_traject
Gekozen functie: mutate_trajectories
